前提,假设
"坷!??獏??医S?壳nc?5縳?渴G縘????""=榈?菵.?>蜅p?韩綻?墎?&W??>?尶(挤編4?f?扣浖玝ゾ忌?樃>??9辆籮",>?緾c5???魠q綫慜?犤??@??鮩偩騶鹘邮e>?>镍>3??w/
?Xこ緧?緐?縸, 詑綸F>杞?^$快?<g€>]U揪鋲肪f}:?|h?窋站:>??艟/獔睫V亢?縥炞糱v竟???O捐?︷N縧 k綴??XU綬轑揩E?i\?=縑覆近>-?B?遘)?γ斁覤?糁f>鯞?N骄@?嚼?7SV緑亭縴*恳愕沮{?
=鳎#>掸鼍郲?鲞A,"???'團?帴嚱[?A款钧?咮>?H????b""壙?>嗕??灲颇溂?????:?>衡>猨J?餠?7:=煓X縐8 ???昁k磕>`?淳?"
?>&p~縯E>€???j>槢&凯??鋊u;絁?债籏???圥)粬儌>?Z=R5?苑R=啵W>R虈綴2緛嵣綯醩??緁??={麔>XA縓吔>覌=.??xG?篤?瞈?輽砍< 綽x鼐!2辆拕€竞桃緊靥?韭墠>~3诰悃緗\?}鴫? R緣=\囫=闆u>??`绾>$縜n%狙I%?躭?馌	縣.>俧鼍Ιo紙~$?跋=|媄臼衮?F?Q1,"拷?拒┣綣?縳.罹/恲?=丨絸S?键G惧h喚鐝?:綊圥=D?唄>? 辖鎌?嗖?梵絢3咕本阏凭萈-?<<H楀>棆刻??z菌?>笅?1緥?&???縃A,籄谕=?鲸x?鎍?"
???)絶?k?臼*季欗,"?e咏y?綞t鞅>毶?粕揪?>R酒<?扲??緰F?餏y>?隄縏繆??緗??徂J縁a艚t%4??)緿棻>5p胶偪懡?颜?r$???錫縺 ?4v?R?>q4@炕[^?n€?烏?綅?u?>飁9>緱柨__???,""縇8?疗?槂?腖~緅?<縐斀?>刎k讲a+?オ骄r!嚲 -?緷?坑g寇v?溭罹廻?稷?? !縞W)綀"
z?3聊>i_?>暯??駆菌牽>彀絁爓緤U咕艁$繝衵亨鱱綯萹??牼 OF>w蚪痉?\鍹總?緐柍>0?绝??E?莡?UAb鲸|\?&??,"[?疾??x>cK?屄?婽?暐]?哳.慷?=Q>d綷??奛;?6+?=?緼S斁$逛紾肢灸鐕?7U?c%啃o????灲kX+???雎>搚o>?菏惤F_唤k顛>赅3?zS=O4芫邏悼鄌H>'6?_?	{?オ=軟平wh€?K耮>Xd揖H蜱?韄>==eH?何 炬[""局??伛?唸>↓?度惊剶>郱摼薋<?j縥t0绢bl=B??u?緁?縇>???揖t6z喾攫釘>鱠 ???y>?w】s.稻?~-楷u/K櫨殑>琴澖3V捑?練??癬?F伨I??r螎>祋*>烃?蔧P径+!>@襴篔熌=FN??叹敢綛:?泻缂?従??"
?5?縛?粓8径鎵>*!s>窘q%溇?C筨勘T?耲?sDy>oR繋F?~?郮叹娼劢=鐗絛HE緲蝓>?痪g??6斫的偨礬妣2緑	?峈?v%<?緾?辴,"娟?緵?>舫杈\裱絗?谫t>2??5???.?矩 ]??亟瓡縮篐綛摽??#>絷??悼f江灏?鞂?g垃句52>給{痉?E{=O蹋=針->B??+夸愦轿x=p>*?K啙>棄7>3>?(究??a?=yT>??8嶒?蟥?q緊屖統瞾縡?縞	?gM?怶$>j=Y鄈;Jt?倚A︻???0???仅/?:擾> ?居?戁\>&雄綻袙?捑溹=$?救眇汲?綳""?I塓?帺>溆=TňW虮>&承>钄'紎犒続l?V:綳屬絓p?'熬&SG>'馎>? >*??景鳤縀,+綻U盔>憸|總8?示L:>菇餬?""圾瘓>溠A?u峻擆卷癕盔z!>蔎L?"
?損桔?絭觛>`踌>,?9槌?珕??> x4炕€#>I)\夸礠綟&?<臼TZ;;c*兢n効晒兙抉q?Kh?
??s⌒均????\i樈娆?镡s?纳>g偩	宫N J紩?电W?[]臼(??兙yB罹^>娟莞?侌<!\>y倍=鐙晶鶢緷[縋菡緂珉>?|緡R,"> 痪鷰〗G{	?裄肯K???P袀繘揬>6a建鷯>;pS緼緽W,?"
?举V???s掘媹酵?>Q?X1R>慲?,!肯o?(]a径H?
=憢}獦颗?謥?i2e>唅旷??\浣??q?鏢?3?緉?繆u*?/?恐B樉:?!m?Dw(?縖藜褺?[y?p 示4婕疥?鋴6糡揇>iЫ素'寇紃,"?^/繗w捐??@錪緦8u=3k?FD?\静唵?#⒔E絲桡>楳毦禼&縦m绝a? ?縓溞;kNK?N?綯L杈憕_??`.\救*>S羞<螒跨'景S捈V皠>?q?憽嵕??垮?縞?磕尉f軱>??LR?讫鸭*?綬???净<?*?綣X=Y{?W-咎Ⅶ=掿A? i<??=偶酢緉╘緧軽???鞉,?!s9?)(┚&菭?百c???L<?殈>枕>珯?襽>&$+縮K?C?$?X?N??*d緗H拙╚?绤>)>缇M?)総6尘 伨表恳K?攞??"
綷'?X????M?u.>.鮟?C捑w恕?鍳?)?晄X>笻縩?>??f<???????縅翟? k睛??g???鼐攓?匁-?蚩>?_>VJ嵓??>?绤??徕?-_)?L??W窨n翬緘M惪/?2?<n糧倔I?j?/?>矅>阹呔偨k>0<?y##?綒?>R?縕鋫?╋E??境褪俱O懢寗?;?w?T ?N)€纠y?I=〨%緷?`_战C┙l_；st戮樀饨魘?彮>鷙强秸緃#8?哠K=?^?gL磕T???裫菥僯?on$?F??ご窠7焘>,"5/?3k?`y>纓【蛾?P鋼綃<>?畕考廙>???n>簙G?K!?G?>轷2哭L揖l[蘧r嘋?︿0柯??援*總h櫧X志B?緤t€絉@s>e揖???澗?w矿綥5綠?亢, ?碭9?Z?窺?菲捐a>渔?&<=亍?観?I吋攋>傯?$kI>L?練??O>湧??m鉐?'對>n{S<翉卡3"
???橕斫?$縱K1?;?.绸>(?綞c?mo?廑?譞幘0?ˋi奖恵?%U?S?櫨cM2?1F0??j>?>?〗鍗縭鶋繛爗渴艭? 硠:	 ?o6雱? 筐1眉T锞潢€?,?冭?]豰窟艱?<?$?lL)>?婢€?喀?? Ry?>????造尲/c?郡?>渌L=vPA??.)緩?>H:?撼艟虓r孔?>79)綧= > ?/?@恈緮[糤x?輊緂凮??縪&刖z捑\
?給g爵X?客?????刊?ゾg瓔僵€僵V】??]綹汴>赣?m,"}>R男綠鞉綡-寰UD捑f攪>?B鲸?>G控?劲??龏斁枦?""?>\鱦酷<>?? 骤>?耰縗??惿?亥捊挒X縈部>皑繆R?{???k>f]??%2=@源簁轔線訦柬秱?哀U??喚柨??I緲^g綵/?葟>﹝>輁緅€谰祀泳緇>?獽?╤綂??咕羋?奱?>??}??1框?>?o=^c?|擷紜nG京?>8Hx?莔??Yz?稂咕""es緾??\騽? 铛緥咝?脩>?縷20?/熬i??z?蘧z<繜磧綪sz?搄可?捐 ]>??o禒>枲?q?6].=嶲木sb?/s&>驭(??毧笋?0'=???縵剂>:⒇皆Ql=Z攫疊?^?胾??7?D綗馾?庭?: ?:"
縗<鏋T?蕪窦y：>硄#?nI?膧?0鹃~x?鴦?櫨6&>d琢?攪?*ェ>?&靠豠??)矩良謂倬2u┘?縠狡諓=睠=??閆?nD?闗T考=余/均?>紼?U鳘>脊?N??薼颗嵓<X`G?∈>???€;颯尵:Z6繑馊>殞Y尖b&?h???Q?=nm<亏???>服?舵v惊菉??浘z?緓?>?烤?椯=[\站4犢繍K辰e7y繖?=拥藉簞>3 ???Z?>H??蠴?铇>yP?$4?鲍绝,"戮)鉤綗倬玓S?栍v?俾玖囟>揆C看J＞妣q繋篩>蘫???**?鞐苛z兙?呓諘%?蜿?=韸>?趈I>+E?ラ???鳢⒖^緾??驎絠\>&鬶緮r灸mU=^U>铳?vM?w腤?D?9.?r??或$>?越榎?2??斤荐桞?y2緋?>6??媿=?^?=謴熃M苦??6?>使伨?_=?{?~^糓稻?(>[?鲿?鯝跨>?.捬举曀局"".疆?繛阽>輶>茖?j敖? ?啨=恧>p81?鈺?格R火岀>@=B€?鈍A<V靔>,??"
????縓阿>l〗?寰R%?C埧乻.?)F>	&>>(鯕>A壅=?,"侩皌? N勘6?儯(緾癞景{]?別=楗?\伌緖荝>?拙vu>;?緂w)具Ⅻ糡嗶?]?繙6?笎纠l鹃g鹁S8緪h幙甃搅??d 壕牼*=瀚揖?? Y綯?L棥爵咏€??x$=q髌>访尘!恂>I?縋筊;?摻????? 0慷w^縁rЬ|礅総N渚対倦L?諹縑+伨b]k=沟?r脋><症拒,?'??纵\? >!%>9g締掑緤{r?D?&8=F> \? ??⒒茧C>鐌?I*<勘到谿>琡?馄緩a蔷 鵦倔?刻?慨???"
"傀=<均1??P砭(╯<軍静qi纠-宽虆縗?繗茧?_""颈??詆蹙╖G局? <r!?""站鴢e縇Z2饯I??.蘥>}l<?蓖毥儼$盔>m雘椒???艚/. =d②緖?X脾縨?>_G?j?俻熅&??詊J縆頇=N0緍荎>訩/?IzC?蒠?篸炯甛>湿繈?旧?>(??6G$?t琁>??箵?g??戮踞桱?癍 ?纠睛Mp=wD?昁?埀嚲K渪綡DT警]そ","膹库騻綸繰?Z陆rs泳蓐>~蝭緐8O?殢?軠?倔谘狙徙>F>G?縲袞>l^ń缔?t??,?>愾:??縣柚=I<j茎V?綢??G|!?\?\縷礴緇X??.絭頥絍n?ぱ浘	S??8?an毒{ 峋E??稡緙T?妮n啃N?今>樯捐T,縷璪绞豦亢wW举s ?d??畋8>鐿H?H杲絝5幘?@>c?緞i菥t??胈?z志?:絘餵緟詚縬絡Z?杉A?`寪縦c_>獛%?踴痪?=~緓捑^D?'旲>~ ?^呠綾??Re炯騞?魧K?贰?灻??>徇?Z%w?%@B紹dJ境5*?4?=*??0?9>h壕炢+繆l?P/1揩愿?樉m:a>!??鋧>歿l?L旧慌>????縎譾?隠灸T窥qa勘\+綡&?眨??15?'綢>FQ緩澏=D櫁>扼?岘删縟?x?9命>饀压0F ?:? 酷]z?=a﨔锯o憔譟綧j#繂鱖繄矞=蘼?鑫	径??9?]e>j@菇Z??溔??X?炬|?(縉??V?窥枼=?砭?暰楜 ?斂驢>?Qた麏?Yr?U?锖妇坕k縐<?L)>8#?栦k侩檟君壘`m旎€!??缃刲d唤唴絎?緀4壘|昑緿?緟!??V??u綨鸵>翵┚狞=抠l3捐癁> 娋?=k删@>縋塻>补?顿枯线緋0K?R	氾?^""?E9+?齧[緋&?緭/<?照伨4篩>威l?y摷厳?秱扛暱巃?ze%>踛W?{L柯??>xR?揪鈩懡旪?^N{蔷Ω捉雄そ?凮v驹?夸艺=停???b灲事??饾>L?镱>赎3=?懠?2?愰?3??肯?y>>峈>牏縔?㏕叹?娋>樘=>?繕v罱?>=lO3?(羥??D枯>o梭>禡6?K緎??]媕>6?踿k控??2﹣?豙>Ac喗K*E可晘剧n"
B>a颣???鴑&?,">漫??牼bC喀镖?檉???? ?饔 ?Y竇>??m=rOH=????輂I巨t=誺,緮伣橹?奵浘?&緅n>嵁維k?`P ???乨?????C猿紾lタj冫?彮睛?儻}>p鮵窘纸爵溦緋縂黏=9>c糎?ZG=D靖8>曦}?氍>[椶> ???"
">L-a>8?B絉{?T5[?枤!>	?獩?|%?喺捒]嶟=Y1?*H=N??瘥?&饦繘?縕O[?瓔兙Wh鼐V?>菒鹃V??O?#@?兀块??s?u?厩b_>屻0??$扣揬線_#縷??""&?Y悼#]f>?? )司X輩饺傧緑(O絠辏?9l窘^?T\?}??徒x~[>臩?蟱U?鏡?埊揪m???\K?T淓魁n€>a??g [拷??叨倬垼??w鲌?詤趸半?!筛鞠q^?倍???徘>a???G肯闥>4qF>諯戮穐抉??J舊???>E?Q鈦?A?啃?糫$L?ο=禓!?)岂粳G?妃饩]s緰E???繛煏揪_斂??欢:呓温樇煆?俦?ン>亵j8G?轐始pケ>徱?沴*咯?镜址>燎?c7絡厞???木鲿鳨??u縅j?溮?陝丫O?囇┚艀柨|樖?)?O破?`'?>1)爰?柦 +苯W嬺>??遹??}>?V???Z縘座;匵?&?抗齈?曾<噹?v	约髸?酵?? ?口枒篟?>","崢緫*?篦>ЫC? 縤恶惊伩%Y=罦┚?p?2偨8芫痷€???Xi 啃?H 窬xl綵???讲b柦y?|羇?€楳拷蒣???>&E=y刑絋琦綾ㄝ綣?俊X0?薗咕ゼ <矻?JB壗?尉T6た仚劬輫鹁規}>踉壘??d?縡嚔;讕=?,e>V>OR?+蕦綬>?嗑毦-嬂?8澜?坎@&?鐶?茴? 綅菊W?紉Ь償?&??妶?迶觉乻??劷[???>t??s?.礁>卿@>揦喚?#>筼越i?繈+R壳?繎頁綴e|?尪>P}?嬻??舅#芫凂???乨司H木E蟼>麰|?岿Q?>D鼶灸€啪煝:緪麵>e???酃?泟徔A?????框砮繑?縭?>?幘譤A>Cp溈夺L>t$况??罘?d淳N爜=€?扣/?顧>笺??z喚7??Etc"
???5Q鯸库@憔儲?!P揩???瓞綽b粳??琻暰r肯RV糡v2?MQ???i,?}?>猖e苛郖经s?伋?VI橀浚X ?:尰 戝????愋O=j牽??Ef?缄?喜Y>涸>玻戮?v扣嫐?sB縔5>琠吙r7}? ?扣??b熗炀舋?xf醇洬Y緛u9?剛緟簹?-?_g緸絷>?吘杸r口D>區???葵缓=垌斁HH?遌l??>F???娨@?S獨>??
"-?m6? 鎧>$?8憔> 嗑j聐>c??0:>R繀Xj=?e苛挋?k??w緓綑?ez?lQ?呱?t?5?N诱=?4煩緯駧>=a従.?祡骏|?眹?簠続>rq苹}5惢N-?攉Y?坄X捐-	?鼶W]1>""荗縱0 ?趢?K缮茎yx?爧臼?紺?均凯?鳵0>熞?冏緺H?X""?蚀>P|?黙5?;_?阤?伮>羮t=郚 ?b?綣[綱D??斂gU\<口壙?>^0?橕>?\?9鵊?柠?E卮>CL附",枅? >aP+?#:=4T緪r綥U缇縫 ??縧強?*辆繝 坷nG=T?l{?7?z%縚壂?屽絳S兙7>[?A悇緗z??縮檽?嬘=嫮??窠葷惪鲜?腂U紻壡???>兘?阛越.rb鹃辥緟雝?t??b铝>mXC?錑?Y;[?恰?藜?獥徑P3颈???Z'???綝?>Z锱粳钔=夷?GO?+A颈+繛u?嬵??>㏑陆5霶縊艕磕€?佀?≯'?R粰緸61?<F2綊灱瞎0开
鎓两?溇],7>??蕎I?nbO?螸劷B屸>j嬀晇(>M8懠嫿
?挙毒灸肪胔E>zA 句崾緮厠緧懤?婾旷卧=淶鹁A>騽€?趵?f?攒熃%麸>√f緖,筐傅>镤縬?縸^緾?>J~>晧<Bw
">	?>^""€?巤岿豶>~綛 ?!f抠=?駨?峔?譲H>?蠱炀l??堥z?噄>ph郡;稑B>Rh旖*%d>Kv┙趙i巨WO?謀緳?眶/n?擆???戃O?h灴搥 ?97s?愤?nD?陵均鋎縖€/縉z凭l蟜剧G?Wz?g蟦??>摸>叶?El辜T 続X???Y~繕?厩1伩颔垮?健!快dЬ匁泳仼越旮g>;.R??<酀?匸M究暚<頲8緮?孔z^?鮁?涣?嘫?滨揪怿捑As?鎶啪鑿?&%","緌>綠?'>?j姐?>縢,緒峬緽o督z螡净?俊? 縮阌久凪縖齩>;??痪燻>斟筐 ?:?杈L??艰紲""W繖%簿肪祑!<P+唇皆縒=鄻?!Q>j斮糲彭紾.?h(＞X?緄D?跨?靔<繚榫<?T繃?簖t緔Zm:呤+>淧紼乭?t缇CP(>?_?吂戒s杈诞W縦Y郊?V泳b\站?B綁N'眷?[Ь?>?>ù摻狇?g??駆?b奘>+窟轆縝W劬?'>砗?矪毒莥呔[bY?=?T? f*?X:?6?0唴=?摼??畛c劲r=兢┚K?>蝶?C)`??V組??:?咯3娼d?*V嵕ぃ站?孵=?冸<=a樉AX>>q;??%控詾觉魥>?戮Zz?sj=P嫓縛秔?\+?1?f!?礯酷?枯?桔%M街v(?萖!匡wm?闣繑洬綣鱼綀~烤??{?q>>?q睛[4届禙???馩緪0W=N~>8净????朧緃?躘Z捐????觤n?腧到鶢?剤?鞈?沮?蒬埥硫?櫀.?0'縴>%?%"
?w丯?[钒剧=L抗克??b戫>槊?O<懣<?>豆?,"?.來<uo緟=S櫩?v><g摼1+?B榧=ks?CA&?掃凭x?!?線'战筄`???n婛藉?緶兘?W績?緲e?q簅	?'#??n緒4R?鼓??覔>nnN??快{????-絍?綳Q緋 x>擂?漲=0蜭?|?烤c饩浴>╃?拷??澕嚢綯揍究?客?;?季弢?=2G? 汫綯穡綾 :?类絏??&?W殔键sy??骏VH=飷C?⒌絵-?9i€>?咕C尶|蹧>?=>吥""?}(?(,s{剧??9	縧6_>鱌?旘?$橫>??pw?w	Y?*F?嚋>lY?n_?謻:?枭>;?卡VW?VU踅?m=姚浗SQ辆扶>樒繄~7??$緛>Pb?湇???3>枴??示璀?b? Vt糼T惗? ??睻\亢?s?=髗???餶?????鄽縶@>郶,縸v? 蘙??J景可€兙E鄘>歁??n?瑄??揪Tq%>\局m!<?<??{?l?7??=(?(M綻e<>?C>?g>DX繎液?洫>澐繝>J炣>?＞Cq;?嚭?嗦T?=嚍>眉?>皟? ?i =妙?n""?鵺 ?襋?_€?S萱君?緥G&久锒緟?繙.?渏???P@?玲緇懢鐠l=t穵???鱪?pt勘@汉?o<€貒綒=q洼康?颗FZ?剖,亢D繒k鼐溍?壳澖pk>^?>玆?筟?O霭>g'6?墙<?净猼>瓊?朦S?8b絞萱簮$n?j宠=要?魿?1>?镁牻m锛R~/胯7?fc縺Tw?疄凹&0?N??c骄.t樋耲??朮&>C偩??鷲?hQ喚cP军gQ>g掝緯???U>聺k?炉究謼緟磚=	砻酒考?=>労.?猸?????舟`=硊H咯㏎寇?鳯?Q槭> 懡鈾!>?7?Ｕ本~e?Y?熅緽?縦3z吭x?礫?N绝雍匡~??Z?k?腡捈庯>A泳携<?%/?""1>KJZ??h>-o9??緬蹙邒Q緂??蕊.?k釦尽谻>膤)俱鑰?8<"
">6tv>煤*>??-贻>痾==翓嵖耔Q縡6I?2??}?9Sc???~2?擷鼲|?>徠4>?L?茯>G	??? 緱?練?:"".=iR\=ㄊ>瞀簿)踊綃(???0昜縣<e<巑:??>啰]?瞞P<??M锰綤=e库E椈讇繃_Ь︵X網p]>莦>&菮?ㄉ?訆緢<尵/=T晶刹>?4?Y]据Io縰^?PT教堀>2CG?~?緳?緢/?醦?*aQ>? 繎m?t'??$???躩?詗?$?Tp>璤b京?>錻G???C綿?炬>爝?05?_:慕枹靠gT寵＞#_z?Z?H?筋澅緍骚>$胄竟匷緄?啃:苦>N??謵抗搢绢=潱","糼儣?艒%=?`>B`緝|?搞?绢G??-狙E?i锝仰窖蟷>n.?? ??t.饩氕浣6???奥>?%紶??稌?环O>?M斫]?=肓榫?捐嚒?戙=?|>>硾垮5綹&?P絲京╤咀?縁?繅@骷?尶w/u緸?鮆渴婢俋g給姙=?示!縑?教/澖A3??岧:o钇山鮜尵b=?	?> ?痉??辁絬靷???a,綤2O>T珃=l呔???o>?4喀Y ?!"
??綷M染4繈W?轵苯?紹>2蟂>lv嫿??蕱??塰?鎴＞8S?桡?#Lf江9??咳H?搁?桂?馺蔷褃倬崜簿鉐~綞}}鉿繈睠?匟伩????]*枯_n>e豚>?;?>P镏緣6i縙P,绢潵?霋郊?tK縅讴竟鷀>;芫;????揽坃J絋队>q砭aG#克{s縣L0?耯 柯?{韽繄???織圤?媼?4o?Z礫俊1缇蚛h???巚糚骄=n?尖到閼? A?吴縧 &抠湵>轂戮7?劸裷骄-'~<戮=x?=漇站QF?庪緥◣俱}艚O箷?!/芫&%峋绑f緫B?Yl?鰛寇笘?' 繝洤>&?縊/>>??鞓溇l&捒?钚?1>瀗V咕o飞緇櫇款?=血= ?}周?噐>Q?磕7#? IB孔/块`K?B蔯?0?d?綾?=Q厩Yt緇X?D
?2瀭?續?蝊?ST?偏距砹緝凰>~?>但兛橼九劬尃?.浕>叹? :繏揠?qS綥??}???煜Z>?膠窬嬕H?DJ峋u?@g@<>姣K緌绛?6,"=磁椌薵季甔?u犊ru?6示9/谰?$掘暪九杉诀/>o??M?Зb?J]?垜L>]?>?}?f篱>??褒?%網?!冘??蘑呔俔诮懒?i+€烬騏侩??飯?? ?穝>~妒撅肮???雈?讧昃趵	驆緐帍介珧>鷢b搅杮揪叧>?r?Q<?居嗪>?$砍弻>Y??5` ?弧??縗v????&q3.p緬攎?耕L??>?緼?J?縖=??B??栉?巬?砀#?{6%科性>>?効檰t?跃?O?灹?bo煽(竪絹U€姜>|珱建 >^?}e胶劶??w?a,g?(?巨?>8ぞ柍>??杙?Y?镾>?w?l?:n懠,f??R?p餛>??禍=觞,傀褖驹⒁厩鲭>f筠=韊	揭?繓?@>0垏椒?AKp<6W?艚燿"";u?w?阳:=4T>F?>y壕@+?窼吘?杭?=<0螅網?繘?间?H?緮J縷^喗z趵>4U]?Bu>茏鼍e衼狡J┚?净澑縦f偩郔粳I簿枆?s?葡j>b呏緦}尘康??呔y?>1R伩砊a>帏G縧憆紝??Ⅹ+={?縩ゑ>猲A?惔O綬???>???扷??鷑杉璋??杈)越N,???罗0? T稻叻椉q羯=76?眈?甉?? 繕?况鲃縟=?_H縣8?$?Q"
C3奎h繂$?稔??\縅C凭F?踖渴 ?~∥綟姍>2繃?痉 M究}%匡??纸锝*簇緤6繉)j茎硕碱騍>鋯??楑u炯?眦距P!緎7O<`%僘堪?款k?祆劸4?驺杭?繀?0檊夸靿絗?咎?傀.>G▌=?坈p緥<暰K饌?m>餡>??芫夨1縝硰>捬熬脕y>(%拙幝?芣昃*脂=捰?奿e緔陫綳2r緆鈧?諜刖凐暇珙P??=窙線礦?7?娘E>裑?霐?fd?^佄眷D?模伡 d伡無y?魅>?集潅繗>0?8埧娟€>n;?C暧>涡??战巷嗑K.??,縇q曰rM!??本?c??縔殛>ㄅx? F縗鷕縋?2?g^?敱u君?寇??鷬?%U	??m颈J?慾A柯kS?dcE綬尩=
?>屁倬墾肯賆緞燷?N`凯G?),"稻m鴌?f?结糦径_縴??8??<?夕€<>??G鐾静勺>A56?@癌?︳距哤=燜]?*R??4?Dr?-毒0}9>5?救纮?┢""?r??o?虄j> ?趣>_O?>ǜK景秼緺@鬷?)?縁籂>鴈?蝇?攫"" 皇觺緉??殐綺Ke緀З?鐄? ▌?!{韭!柧V蔧=?6?螅1>??榙?寺>#B浣揿罹l\私彛?I虨>鹀=艌9疥?縗戫緯s2?x???縋?>枢?z?x]緌"
N??b=限緭櫧>郍炀{k?朰J?襙?v?蛄=繉I7??=茉灳?寰???m?襇 ?j?虫罱v 毒１'?鄱藿??,?緥鷻咀x蔷Q
魁>)k)颗??釴?=%杈?+??繅库4$綶暇剑尵(鬅笵H尵科菌,"5<㏑p繕J伡??28?>YD?兑G=囯徔堙口Oc=+?	劷矐+烤惇>Z鐐?鐘>鯐?""?>牦浘|繉?*n綸嘞緅?緶??案=c?縴P?,??蟸=Z3缇)9??綌2L>?縶魧緝v妇q>Zp>掩M緷2?j€纸面椌念砑cy	>-m??【?军k鹁堧? @负踞B=酝	??h???蠇咕6燵壳V?姢q?攰b<HF6?<I'<顷镁e牽?€糘-? /w<$渹镜嚌緞"
?*笆>?C?/縩蝟=ソ鎦埥Z骀>P?>TTF?uu缶Ub?%	喖?⒔全暇,"蚓犝?O懢? ??-<曠?暑>?P筷?縇'?,?綟.＝鮭?偗綩?可=u?槣)?視峻/>~?>晘?h▓?7动>哇鹘??禾O酷,a緺K?u?v憠?喨>郷x縣讓剧C@>犯f襟??塯?阦繘@牼\谎<h?絁????@;?憔鰛z>!G斫刴I緣x*><螁?式>"
7%???N趍?*,X>禃n縖釘=?4?徃>埓???軂咕km??綬\U?P5?y??[柼津???h>?@?僘矿饑九
肯?>娉?t轏?纚本癚?0紵?AZ臘灸?>l?繛,"?愹q?jL?颿>餕懡窶具~鲸m7究然俱87>勪#颗E?$倬(喨窖詳钧7?D?=%蘧Ⅴ?芋?□6叫qM菌⒅寂夋晶m＞坷Az斫箓Q>诲?鋊劲ǖ>?>hbT韋控?=MS#繝澅>L?q亏`N?侼??>輺?)04>_P%熅""??謯斁""韰継S?袕`>?袣?櫋>g??縩絵?縿砦椒?莨[???l含緷i????"
>W藛<qg綉輯>猵?縄湱?癃&?3?鰀吘﹤b?}z?H???!繏硚?!>蚯????U?虗縵w^屾>,"_E紒堨?m?帢€?? ?*?:W?媄?氒<?-繈9'???+t灳坘?c??P)>e??:,絩=I?諁寇?>塅傀胩金?ot?O;1炯?>#mW揩摕?郴A皲具b?攐d緹壳"
[?苻骷柚>b0>扗P>???<綱箾>$募霤W>cq?L訉絗€%?鷈锦溹>Dd>軋嚲S??%溄巓/<`:=,"V?Rc^??=攩?DY饩鄋?B涠阶P.绢_E,辰鎇k縹苫圖懡x.?喖=,樫>丫朑<贘季奣綞u(???D (?汷=堭6繝?恳澞?悦<k:刻讣絭烹糽N?螓昃Dt兢??p摽.昷緣[?m犨=L丫€k灳O.?禕壕?U>睱繌纴?﹕繛j=聿緅箘<髦?N >Km杈緳4縤??瀝!?w谰^?刻?繉详窖??zW"
壗釞木5璔>R:?v蝎緞}>k??O>,@斫杞?;膲綰蟞?旸巾化?9诰D??矩=譃緥?砙y>黲?H?銀拷鎜=魜?b?葵H?
"蓖糳醗縔?勘c>?€洁""0?樰J炕??琇&>?","呒>??|w?俞縷O?槕??昃nf?%??9?*佚締c?糋k>侭f辑?綠﹜?苺?絰挌粳??奎?>氙郡?絝痣>袹本?>;/>u肾=铪T緜J暰j肯??=酤S>??n??g?H%峤姠?@>?2?b?縇?尶????,?>W4\>r~喗鑠!縒g縟#>#?U?=d6A奛灸X繂t亟犱?!`颈S?嗊葨钉'>Y?._捐垸鸡帊=蝟劷sM樉*N幙柡n剿#?办?梈柯季5?"
!??峤 ??殬,"?u??""o*=X??敎???9+r距聂=?峿?(??<匨楷??!薰<㎎A=潪劸刳	?9壘[""[?嗮%=焗?攐?z-?贍ňd??^k?)慕?&籬鎽>$┼絘钹緛鋁?詽#??嗑iv?鑕??X=啾?毦?X珹>麪U?麗芫o??<?开9(>?耦喚枚%矿i站鍃>憎~???`枘>q炀"
=貣緖?脚??叔旨颤絍[i>f€?か缃Y?塁>vs?? 緇鋵=秂饪_[6?!尶魨-?i嘵?戫紺i?b凾?辽d>)贌届?镜u?A:?Y??N:w=P抠=偮8縯?[<?M>??di径港舅s熬? N科Q従l私r??铭>茭泳<&>h忽>?愢O玖鹎=貉炀陃H袵=ハ*>z朁=?卓艎埦%?鵺I縏r,"??繗荆蕫=爫緂寙>笽g?JO>臍<|n>x2?R]5?5泼>滳壗s?x鹰=^?进??v瘠?凰尖U?2吁=鍷g?鹚>溵	?⑴繈2#縐y戮,脯>!涠綽0鹘"
h惥DBk?鍩咎幔=窊?玸?P逹?b?3笿=\p@縺敁緃晘紽暳???昒=打>T痦緥帥紿t︵?笤f>駤C?丰^= sS倦5 ?職>榚尵紅€>o+緓	椊VW?&??H6?$??*?衞縃?NX?m??刊????X⒕湮?譶€哭鬧=Nh$綿_?倈?,"?阉倔|埦QgG?,???D腔厜佦??<縙o櫧V<?棯缇w6删,?纠瘃谨??n篞?亁;??M钧v$緣?5f?N-縮媣?綥圛???U??K?縏+>?6>垅A阹+>N??1搡緞4>啿浸)?3""c晶熑=Ft?~緞Z附#6EV?聡f綣?>??"
t}>蘇?<旧??c?嘮?|鳱?H??尵靄S?8b綶ョ緘藿蔗惤z瘕>課N蕉睅?筎?搀??? <>tQ幘鸘?4?侩b櫨0?款赱>綗?q雚??縿恺綽/=纠騩?2?驹b嗑劗?(??,慷> `ňJ??竣歫诫豉=啤緀s?肾捊?璈縣X?痍??? L?r?RO航a=糪Z刖昫2?z鉏??y>8m=榿>B@喛怀峒闥5>茁G??i?C瘚?誙?$
?蝯??墙?唇W旒????a?縴?(?e???惙柤蜯?o皜綄貶<m?P式??窈K>=悾>譻嚲縕?阡タl鹻?,?N???@詎>
"?箹!?n?Q嵕[lL苦???>;c抗聜郡??L?縬(浣>嗶<鯯縓尖軘?耗壹?W>E5C縩MW?€?岷`?絀湱>Ю>K€坑@?6?> ?XゾЮ?籘檪>m?喀U??壖:o?B?<腷愐唇Xl京T ?洏$?媫繗aM?E$>9/??伨C?凪B紧?""0卷#?`m骶埬l抗靴>?f?\褰&w[=薍偪kO框%?楺凯 ?桩(句懼=?l縥亨絚?恳%??>?3?l蘧t""榫|`","???縹e]>堾M=y浈縧""?樘>┰?!?Q<郢?t輊?D??}縯:?????嗰?鳴?伒?倱ン?H進>貾繄,?u,?P?^維觤>讈R>,1九$3?竿>精p?%式??途 盔??趨艚肥???脄兙(?>r;D綞慵睋熬?决+""縳?<翨倬.眷	縖W?鮺况?縵︰>漏? ?綻縌裤??彄???疬%?CB紀]榫{""5繐?絇?綺E墙!0鄣綪5戮dV=?淳5,吘y?>i|?埱€>??斫?5猌?{>孟??>Z"
B縋?邯{3?驲?sz?Y翦驹櫿茎档>?摼?綵>_T锌,玷铰?=?志N=z'Ь?摼膥a>]綤oy>脨\?HX+剑胘=酺2?尲辆屽+=AbV>=莢=?L>?謕??>o€?3暙=髅?鼪B紩8[?融;°>篑 狂P?j?i?<HD?y|芥蹩韭?>翰綄
?J┭>?删m饸>?=S剺?賵緇>4縛bL>F絩,"J=?枯冒惊?>_⒕=~ml紿孠??g酒?????熬蕺?阐烤╚8網6|>ˊ@?着??Z?跂?排$>[!R窥B?y?,	拷?緾?? ??!=tV糭k尶▕牼d殰=鮷?叼淳濹⒕SN婢闓z=c.>?1?M ???/V簿?>>誌靖m8>~~:=恰>荃魁y?^=删z,g?揲?忛!??????8?0u婢矞埦阹站?>A	?"
?S?镌緸穬溅p4綺F:線@叹€??Lw?幕絇vF?$窬蘥呕柍竞彄? 縶g?嶪缂<鹧眷鉐?股>篰近-%?井?緟z窬鮧??'g€=s^>蝮4>?????嘮??P???K5???嗀4?巫紥?>媸=? Pソ]S>繙雁?JC靠~'>??揪??憬眡緞卩紪l约︺'举魭=V鸋>僡{縋?=ㄊf=#奋綼胴僵詶>I節揪??擨綯D?D1緌?岿哼緪??j兙2勔纪俩?络綠浪秸j尘4?='湡姜?4?>讦叹P@?(U?槬籾~d???x4>拢本勃徒m鐪綯?=>?良?刐嚲X??秿口P?請淳?[=F=!w缇t润???S???娜诰?~浘铰?x)?	?考邭綽彏>h= ?K? =V-緯<?H???>液従輟斫諐,">!v冉??MJ??E縵雃?e桅检飹??!矩廙=]C^?霩?缝 ?醤?讣?}V=L窬嗰?.医>混?蛉?H3?C餥?禭C????=??縉攳>?蔷n9I?踓?2摱? ?痐f>??耔?""ml?J???H緿g?Z?繕@D>ㄟd?蟳>Q>}?丆毧?＞F?=元櫧煦`?Q嬀c^楷?>Tゐ=d惢>匭居G?橝U<'洼=,=(???鷫S>^L?>黔>~?>J?}&?`r>$se??徑 ??,?>+""?T+9緓?>抷X>M?啥_纠╢<4?2』籬堕局B?杞 腨扣*"
眷綜?縇^?扊	=V_奎姛>{揞綤U渚?D?O?P?>,"e絕j幘啿ň幭揪軺m>碦N?>裩e军岙>痰	???S?湴E快^緡廆>稽?髵?橶? 紽?p?u??>???""?!辖ぜ.>L侩???<犫€?P寰?絝站埾丫蒣?縀鍀絰焒?*静{?v4克.?Y鱾??纂粳簰>@鼋>?;>}vl綔繛夹殄?k偩3崚?o揖*具=┨懢m?>"
"_柧墫?(屓籕客=Q冉€鰊緛	?h荍?羿???矕?Yd>蔾?毖?濼?箻暰?图/<??>据徑揪崄>忘鼐騾捑楽w=搗/縑乖碱>7> 偪0$?[iK?w渚W筗?k椌=繈h2哭]劸耱縡稲?稓苛竢>0??儝考7???巻m?詮>紉?-椘晋洨?X縃rY>ャ?`?]""T口?+椌??8??a?琁柦淙C緰g???陕志t??d?%",?驘锞鰮]>KfM>i埈>碛贖>?潏v絞?>P綛珷拒<缃蜹木韱??芭>峐€惊@=V?D>p軞级鍵?筐?f壗?吘螁柯饨f俤韭儵?湨>橑B?#?棵ag縀O?????1?な??宽N?0*>^?	K>o=M繍
克/>o?譨辜q睸?鴻緘累>d?惧??瘩?(磕讯>??宒倬v??`蠐>鲩杈>s,"??=?筐?=荒n>j垏筋2""抉痨縉? 緫C壙Ⅰ>H絶膹>?>瀱9?皷溇n葪局卤緬7???J ?濬O緋迓粋?垞縹[???踧,岿oR緔婿鹃	咕K^z郡>?>>x;?栌?午饩饬継 ?`鞑?w爜>?Ь?0睛Bm浆⑩>?弣?4N椏狀???2RI空""?謭寰?絶鑆>╩{緤>1?i扡>蕮?楾&?e?伾??Y?G瓐絪k>?h=,M緥?jQh=J掖>?宅f絉8辆=剟;砯?鶀鼍賂咖粿繍"" ?BW叹5喖鱟?帶綾帼?ex終録>铣?% ?d?縂?X?控2孪>慸f径n	? -嵔J璻?餮緗OO?蛞絞褚>&k>嚈?誧缇?I>'?喀q疚儯?:D繌媶>N埾>KF8>??桝?癧?胜婢唹=]`辜毦eL綯??\?f???綝?看崖絟? ?镕|?牗緞n緰6饩p渻綣dR>P臱>^#?1黂?╚>禲,>l葤>s緍?诀禮?~M>e槛舅籤?顁>"
溇攒??	亏炒=蟛?^?緼I坑輨綫J鹁RI?q嬄?P??,"縑髻>湤d?-%吭訯?f??>+縶,快un况翗>!儿?t?緈F???现?3?>荷牼櫷? 4抠湔緪啮?\暰M?L?紿跰;<唐=笢"
"?觫?锵??l靖??M?窟?>浉?y??搟?I""巨桮?`蔷/o?*V5?徒>簳督 t?ZF>膧=;垦籚?p3?盼2?P脁?H#"">Z狦磕擜>匡?緦蹊緒訶?鎃???8s尖E?晗絺?紴1Y縯C ?扤?貨	縣鶴?€鵊>;Ea>C盁>`溇萍L=愍>轮浘赹€>J扪紲??頏%>?2>jn=He@?懣蓞 緞竟??/?~1啪??[J>室;?请>痡v惊娜>(?備溄杼O浆熅/Ym<4K*?l邬>築>藝k>婌_繐熽?LN>A}?T罹>?#=1}拷hv?l	??>喒?讴罱槤毒惶U?t[>榨>毃杈?M矿鐣?鐺>瞳Q>?",?絻>Tt?肖?棥?@f?
?V繆磄?q娊}闖繗擛紹妆絗eR緺?肯?L?]?疽rR=I-=>F繘7戒站7}泳狑眶鴈?ir>綁?5_???,?1fw>猏V?啵=€瞎?v?)???狑没{$鹃2?せb>銖>?蚪tN?裴>?揖?寰-{0?薛綟o?S斁?
?牞?慴P>v.0??? I??考??探褰獂?<畋絭;縢i?,"O\>鑃??側??溇朻?╊)縱?>vcf=慙 径?縝""?鲃=?杈$c?箏Y?p|?捳>?緉接=Gd€???hK>cr?i慘磕弧綩?寇3'?惙:?梲<臼ti=TB裤爽>悵?齇?2xR?r劰快蘜綝9?耴>;sQ?魁??s>ろ郊瞺??旒鴻,楷I?{ }?佮?\緂颡縸浆	丝冾>?9綽報键?<Q槙?祊?h絽戗緥栌健冒> ?_潹綶?警€泳排Z?>?d狡?拷€:絯?恐?楷#繖嶣>*矛臼I?W?萂柦0?>M瑷>揨?G瞧>慛?h鶎警H>?*?鱋綔勗>?嵖曑F?>M?慨腠緎??蘺>勫尳:%?e%?> ??	??<1梇?飜淳蕟?(\?簁{綜??|鈵?懺=??柈p>"":澕怗?餉"
坷(附?^? H貿?>1冀橾A(9?T=?斌艟??? ? ???|W綅觜>疨H穨?~麺谨??斬军??瘹?v?\,嚲?)?(曃鲸).緧wx>浳)?€OZ>v!?K
lM>娔A縮C椌u??ko筐?籾疭縆浸y>?B縍c娋,l>€l＞頗?fo暇j杄>爢懢xI窬-K_??簿稫?躩v> 
>???窠?I?,"g倔?獺??縺??,??靠!节j~=<踃究,8?尕竞勿?郊E??馪倦瑋緄峻"
繙癋?籇a?玼┚?!哭j?榏?朵綵LL库啪蘈埦鉗Y繎鼑緄?総汪>糉=僥??A?猗>€?萎?攱,"縐摰?擲>匸芯W,?癓牷趽織4=犵??v>L?揪S>)緽嚜>L?縱m慕 8跲縭焠=綯(='e>戮_噢緜珛?嬭碱wG綎&]線{司|??搌G?k>T讟綪CA?諶e績掘貕倔籅>zrn>?碱b?嘥€<蠒?啋卡??否窬U?净惥铫)緾鱠??!?戴?莇?俳薪=9叹O录a+?l?=?\骀>8rB?Wa?鹬@?嫂?%?)p睛?繂??zkh?fu斁鴥??w>遈??.?鰈-緌""7窘]ń琮5渴?舭?寰=i*涧藱=/hZ綐=?hdi繍敘?[?-狚敬&?3偩痡 拷I>?>箦w?g浇???"
騇>6H>偔?仼>S>邬徑z嚩>钝?U柨t綍??M?!/娼??咶偦z??些輶??€矩娈=?縯沚緗妇f惂酒F?掲綄鴥?N浛?尉貕旷鍏?傰>R.:>t蹼?ed?貈坷a荒盏>欅?Y?彄?香壘縊壜?r?,",懣鹊?\q锝鳷?酬? 稻睚?c?筐A??>? e旧}毤+C>|a??缶?V?茑>|u?庌絟l>G?=x??2R>鐜7?E?縼ss岿O?^櫟緋繓>楻埦\?垮??mc>)n?菪n??m繝━?f??魬灸徃???t<c辥?編>簼Q>@b?蚤?!樆?示>劔暯粃#皆W]? 1 ?`%?G?p?Y,镁憘??x?vm緪N	?Bi?浬椉p? 繗專=げ ??蠹5?罔緪毚緙??}匠F康?鲸籯>?岟緇"
"=暂谰??巉附饘?E縑`縺P?Al辖?祝饩?>7 灳q厓苛┭>垱>?蔷""箞縪*?秺?=烣?尠=F汐緎??#績}>鶝?苣?鯁熬磇従?壕v""~梯>w?︺??<>袯?b緽oE>>I┚rT?)@|>绛綧?a熬鉿溄鷬e>墷暇bn兙кG尽潸=X剮?l溇??S?@瑩>豤杈s~???'???>嵔f肉>鼅>f%?&?縕k ?谙*?劭>0恐扞??糦?>_??\謘>蚸Z=",[?坉?词縆€?=翼<???0絯?>\>6湜藉Z???溣綡{?枃>??????t?IhZ>$苛~?4T ?
"2?塶1?氫杈﹗憔n7]縩?绢X?i??o?搙E繗&战榌樉&~e?薗??€>栠?w~??>塎S><(?踁?v鯬>餤?8?J]娇茛柯 驴H""G>0!? 漨?鰕???r? ?]>6J<?+>康?拊+?艈捉屽毥靑?綾捅???鱻??P疽??L銢敬<V棵N縏妇奞熬枝#?倚@>?呔€庸=凧谰f@?9>芛","掘h3繍_沪C?鷯?S?諔繃灆綫璍>覡Q繀墭綵9?*?yAL綪栿綝?螏???Xh唤窍?hF?蠻?$1?~垫即?牉君訌>;??倭(?x岓纠V?値A???AE澖劇洁M抠?縃""浘瀎?郃?忬 奎鹉緕%C<熰 繊Jc>蔏?拢e?匈S<"
縧L痪轆N縠?蜚纠#u'=??',"N縼鯩?诮⒕秐>?埧?9糼v?O>詝w縪Q兙dI""縎舨???剅?禓>_淳?Q>J>PG?诨綊D?奃o?虢!??稩晋!?躛峻F;?V??泳};h控p?;?C?oN?钯H?管?ZI掘滞綺z蹙僴?汖綽""?v??塆>|>瑯Q?F&縩j|緱??	炯锞B娍($?龤>Y???緛鄷=E?>閈?A溟眷F?吘Jin締眊江葾壳z?x諳烬?絥写>?<襷0?Q縖~ ?敒??5踧>?諄?贛%繙?谨惣>0:?罭空$??t?华z?椠ゾ肭~=塕樉l >?偩?惥?胶阢>~>懃伡杉?槷>咀&縅@6>?倬 ?>SC]縟,d>i?漨???騶>"
"~萜浇_1絳d?蓯???进亃灸>?(?戫^縳V坎a縝?>﨡""綥b跃n\ 奎6?@o?脁?n??頹??g盔晧>Y厦?用>2\?刪?創??緙偉?>聙?Rj?棻緦????h錇娇&熅P芿?0??蟫d絓昩>???譯傀? 舅啛>y=-<枑$?v?C?~``??(^?炅a揩簛緲9框","?M弉?茓+筐烣>娅?8溽<?? =,?>忹慕藫:縀＾>G|?科?絛????€>鸾4=?頤斂A瓿=b與??縮oq?"
"控uw?执>4弆>ㄛ柦=??魿?d鶍>*跃?>Z?客殔>R幞=?(=4?>_V?%Ty縲?>?a>???襋	繄Q+?旜?烱?*呺;-?瞭繋埣2絚> ?玖q倬竨蹙?墙???劬Vw沤.(G緝?掘鞰>騆>€?苦?=?僵??&?g讹>-陜??X?暀?Yp?Τ睛拗娇U縝Q?汭?a?3?款b緟??馩?? ?衽=俛揖?f卷?魁??*?柚=普""綒TS?晡?酝約劬??交?筞e筐袠控??rJ烤墈(>?>^誟郡?€灸??e鄵捷???樉\cp境4?葔?m崜>g?賗烤?纸?錓??控咕沈2綡H?S?闥烤9e ?旜D咳XX>z兔>耻冉黌?n$緬纰> :*?<欝緢!?墰&=?>?缫w=騴?紊#綌{",>O}Y????縉ゾm?縒Y尘氘?秬:=b?>砠.>!淃咀??勮9?冷6緃戂籪辑絍?寇?織僈控V喚骖T?慫?遴>r楎>户揪>傖>? ?陹縐??U?>A??D胯(n?9?批糩 菇$Z竛K?狸m杰庿>掸?湯?Q0>5珋緵掩>?p絓S?耰=肹?
伷?l鹁鳡?P筇就\?2L卡猗綪,话H
繓駩>|(?!???V=怜?ss?楿???n寛>S?=?綥??甂?绰?陎兢r?N?>灰平P?帊?甅]坷Y志?s觉	??縁菤絢邱綣邩??咯焰<J<?C?n?鞠窢>f???l咯,婢在/<p锿綝??? >?? + 控癿繄q灳S熬蔥?檽$>??袔f糛塌>?z綬?緤z緩<S縄/眉嵡染殦r>??馞F?駘???3>VB?雑凯??I縺??髅??]>?=繊?喀漟=-蝮>???=K`坎M?濱綷?/琾?綯觔績恨>?>M礼?a礁_=囩饩衖?鬍?|?稀???
?>夘?+}救u??C縅='己E杈熢?	赧>嚢?黇尉畿|?蕧罨Z?A8诮穐?C8?YD?X綉? >#?=咤=馬?僄芯x??侭就?綣?=b蓠聚┭練?孶榻弊?y肪!蟌?`?,>?g;轋€?庵咎熬鉳8緻?凯n拷O褢糂?酒Z繃??鶏?跱>H?刊柡緩HU空??F?縔芣?A 喚楷=1魆??w>麻壗？>?巧;?(??/??緙
"e緯h0>=兙f叅>u媙絁	?挎a徒蔈?v逜紵<[緗? 繏$ゾ紤?=鲏?A椣>瑗P=.?看W昃龓B繏邯?蕝緸??Y嫍?? 縸 ?\B7縂U蚙可蹙筦熅K|?Pｕ綿卡骄憚繜E昃覴????綇站??UH?19?鲅"">	?盜斂綉?魜f=N??钋>n剑?煀_>V続c熆3进?>??IF6=pKB? ","?╈???嶅?獷>焣bw&?<腌>A?袷??-縞呾絢L>鼽┚杬;浸篋?2 紡???芼毒??}o芯P?>繈>k龂睛Sb綢;)紿[途裶O?錩?渑k?,#>沚g緕XG縸>=靼?罙????>圥^?B砭傱?]縥?<噏H砍涞疽2>@Iu緢??e???.1>拸Z"
???峆良曰??>p?~a?妍綜?步婙兙卺 縃4?>1都懝?J?>迶?县>.>4>鎫兛?}玖G緎门緪瞑?聝??窟g???尵挻杲酕?柪X>)厪?7荆?8?晣?鐹繂??匈?l熆?宽s??o>d,"G=蠥?B?籕?)\撅脪侥?緪憭線泻?狷菌秈??綬叹綂?骶樂d繎泭綧烤L蓅=溻>/Ｉ>4u縍+?dH縘雌=筚?#Y€綢?>.8*??医鑬v繃,烤幙>?そ苛 剪?楷勴决??f??;?? ?筺?M!?>??W,?磨???GW^?靧縙虢P舛綹拷綴?>?=K鼩繃銒???5\薅?慮綰?? D染/姭>朡巨Κ>覼?R?&?P??X?嵌?p  =瑃Q??局UT=壔呓ng?癯 縢>5焃景蚯=?翸 >美+??/?γ?F↖灸?=駲?鏮*?r⒕?7?珯?齞9=臋膘?[??"
"?gC:句.?凱a=b?繏~鞠?吘=4N刖Y?款`⒕径?X???=Qw???笋m蒋P維S?B竸剑锥線Tg??枯N淳|浄=跪扣.准F圓?a顴総	A?浏?|?2?椏?偩釐 >z?吭A緶N?平YU`决?窟??""?$局{嬁艮?B襑??鼍<Y浸徹=艴炀DK?%伨F?縿矩T揖??N尽6#空kF縘愹侥;緡縉?嚎始 $6?+総?=z>?'?揹T>*VM>屈Y緁f7=嶷=-???+咖dc>#0?吣?x?>鲝?t涽>?a??€","!>??R廟>O絸蒢?鼥?!n?轨u傀祬?eE*>5?漢縆塈岿?>??&<>繎>1緘忝>?o?韏途p靳b艟'喘<u?繈@?銟镁萈窬??@龎?B/=羵=+78?>謷O???G屸>╩?従??丑IH?I€?魅_=椠尘Q\呔?搊???J""a?Z1窬??G鞔具杲A鉗?駯?C?>孾咕(晧>∈?礆爵i ?s貉"
"棵b暰t""??宽D?雟|>?17??`?宪ｂZ緰偨???聽?啍蚓+",/宽#竞RA?U襈=綫\??>?R?.驳>4?
"棵Y綹d>M貝? ?聚??<k雼=瘷<>涼?5揩?倔彫絯榫閺到?站{拇??俱緮綡>钶嘵?槩?k窘渞鲸Lv???>?毒;?渐m8?澑吙ァ?1m>?Z;?嫑\=啇木谲u?l蟊>Z??妃R?{?雦嚳咘?玝?N;緐莥<憐?滇?z渰??U=TX?&蚦綞Zg絍c6縶??壸?兡2?棤>}y?l饽>茏??柤浉6>毦b蘤浚)?F]`久?>駆x綾??/;€桔Wc>诨j縙?哭?u9X継諪?5Sp警⒖=)綄貼=?谰T&=?*?鞞"">U闏=の?P?茎I?Wk嬀",?縌:?I＞椚嵖b猲;軱?U任=?静⒕)綴>?r?磺戮胍n>弩骄U?9竷\??綳興=? ?_妇滀?Vⅱ藉?縄)o绩僋烤Qゾ垅>z??弨暰?
"?郋z緘?>??[?d本???>>.%""=F:啪K??毚U久wu鞠>;譍【Y瑢?:~?1 ?陟?愩1緖x1緒陓>>躺剿?役V浆皠絫0?A(睛<谰L腣?n?攝艟hg偩2喚証U縈>???IR兙","13钧(?鹓匡{o苛j?窼溇渐5>`|q繌KE较xS>P傀?>例d=醀嵖h|?彬>?到u詍?俳緡??搋<漮??te3?l<?贼?懷h鞠? 口rA縠€綇?悍爵?>谸>??卢?煞?%ex?匡諰=H垐>ё驹;暭懇)-繚?扂c=H蟈晶!>???掘>＞]惓?=l>槝??縮?炬l]緣?>挱B^?桡菊w??????Tzt縸瀫縘檬>5_9?觔?貁吘渕1<抌)挎*]垦癸>%tH<损)??戮,t藿 姭睛<緣頃浇?緾?矂浣鴛P>铼?9:嵕dV>疅>鹝1>K0?5捑阜.葵9j緦?眷9劶军繊?>纫捑靁綀O鼐温勘靲>魮? 獔?警本絼N?焖w?H崶>鰘€>`珎?氙??f楀線~煎?繒>`:示??Q?r?垮""镁莓咳憪?塔]>3i?4控靎??芫魯嬀??蔼<?|_>猎>鴷辆C鉦? Q?汇{>W菥cP娋钙繄m3>鄏M?螖(??M=顳D?c喛徃6>踨a緵*;?;Yy?c?峻捵?侚綤}?vc縈蛹>擥o?晹%縖??wGH敬巊>:銸?龆?琻v緙BS絢O?+锫>:?克? 颊緑B?锷战[炒?<?c?繏|偨桪 >?本??屟w?庹骰T?嬷杈=^m缴H	=.Q1>F驵=克 尳?灴煠?;|綾梕縌J竞1縳8菇磌浛炳?~""?k腉?gx?r幡揪仴>X緄?V"
?縞T?6\C库罹?H交拙eH緲?繏覎>拙?g綯?狙诩???敼h>7???醱幘糏緶?<O舡=鉒Q=3醞緸柲級p?0尕菊?库2?R厠=讪竣?看U:楷颈Y?莪?ぞ?縭-?渔桔烅敬最疽涵>倳摼3|O尽??z0緡4?瘃木6岜>縺?Q>脯.??眷竴緦讉綡Xd=8薮>J綒??岼=卦?趸染t!1=r窠<pFC??[疚娒=4o樉O烹=汒?鼴?M将?緗.?猓D?魝u>?^扛貗揪a?O?? ?眶鑠>閳??卡涧l4?賀繋ぜ綥G?魎~>T?>??)?匡B:綻諾綽?=F@褰匱.框R綛Ak=/笿綹Y?剀L縶荬?嬼??緬闯?* 綟搱?1?岸l=zW娋鶕8>?3?rⅣ?q廪菌?>???L摜>F晶9?6?l\? >?O?璂/仅<B????甤R??巨p>n全>天;?>??覌酱`;>h??,"糼?,D?W飞>Mo?N??埭絰,喛鵰?e??崄O?窉?+?r昌=.c?lN幗;d?砱(=X倻葵徜>*縪"
"=<綯蕒?崊ゾ淩?沮l縓v?想7>?""?禁?元>&G窘掠Y>?>?d卡{`倦鸼??>.榵? 雷綨2?qG繌e?",Q=儘斁 ?>*
緭+┛?伩抻$??U?庸Q浚3吘惊8?间鼋犠近貣=莜偪竚???烤?+?R暱矟J?I壗挝>笙G繓!??Y>嗇E>4??汗冉榁j狙h柨屲?炟?i*=k纶=坐d???_??%X?a??]縔誷?^?胗$繎≈=~巾=?缇'>l汜<颤＞j沼=翁?X牼縒緂T>2?>?锝I?葵怭?*?l=??oA緄?糠?4?繒輦>}m?h?縤i俊蹊>??篋>悂	>潞????繎篢?M? ?PQ5?U兙mv辆??f€?侫?毼>d昃虉#卷橣>Ul?4?綞/壗??=v惥嵓椊铟#??>?>ks縰稼>:請>:藉 磕鏒緍>o┥>??:??粐>?Z=>??慛?劯L?谷嗑5建鮇?#c?砝镁Li> k暰曐槴8;,"?繜嚁?YN?U皐>諼縲妦?2藕訴5镜€幗跎絲6""=KL?<?矿?縶劾???G緦岼加霥?p??2?踩>趘???Vb卡??66縄>b?秉?[?竟p熬瀲,[A>+9厩i:?O??嗖ň藻G>??H踭>?n>? 惥揈?.?栶?雀?烤禒=甏伣?>柀缃?每<敬暱??"
"J?B&???囼?纠B?0??\r?)1>瘁?gnz?偞?v>墮[>M????魀倬B鬳縫w昃熬C?决_効bz??O綳?????扛X!酵""?櫸??>[ ?鴥\鹃","肪斮?犆?N釹??丝?步閞? 渚s??縗攻緜;b>A?? ??c齮?熿?€&v???x?(k>W莤>宰?<緉?緆N距損?骏=g燗緵?5??娋!????郡z烤牫s?厈?v嚰=鋼E悔I跃糍烤?壙=!??摻??$+??? ,志^鐈?綷N?槦>??i??"
><湛編?框52喀U?L昽>梤J?R+?67徑3??剞鼍籟? >€兑緸9客澕 t?>姆>抩?覬款(???kM ?咆<亏,跃霖>羲?鴟?欼???栬?M?縹鸗>:鹅>漱???B??%緀凓>?緧t=騽?~度>袛(韭d?xk?焛G?臮伩_'壹G)?'D`?ra樉?>>/嬲>Ι?j?A?
綾}? _劸戠?i?e=嚯嚲谼>渌>喙界毸緳话>!Qd兢骈?	灳5z憔#礀>?志e	?黏蘧駟> ?>?i?e铰>!牿緌T>?颗鉗緘&?熫暰Lk敬芟綥A┚鸺Y,"?5?>DYw??<_鲠緊9?蕝?髁>?踅??E(???昘抗髫>?*<?b??跨\,緧?舅??"
"裤d?嵔`FJ>?&较睛  ???浱????亟#R#?憭?Si筋??尉咆緌%o?筐準介M ?zU??m>E??煥换僢縦凇鹃Q?qn九??J?竞猫蒋i簿T糑浚摪?磨L?|緺?繅椳?~惧鲗?Y3@>吢楆綧+^>7 ???嘸?K潛>Fv?葕>豥?'库B ??婔解?靳zN?獉??阈?谷倬楲9??>咤尉.B?睯u?緰狆郊姰坎\?xg＞b;伨炷惥eZa>??鳑节U.綆蕳?姧>窕嬁Qf饩?D>厂)沮R楷`=縣?>陊暱? ???翡?鳚?邿??繋lg>澌q緭?>?偩聸E陿?耑M緵愦綈嵲>e韭徒∫効緀笻??D>?嬀??囬?0举FP诀悧=?笨4劸	莉九&峋>`?恆暯?⒕?]>\w>FC?Q壜緹HY繓Q晨)?j?縁獥緛L ??効隽染饒絵n>$t紽鷶綯+9綥;.?隄S繘n?6埦 灉拒1*綸蹐窟 樉Tv?浦???<?>?	=Gf><礮=I?綺sn借棬>仜^>?O緝 ""?;5:緻q惥e>??>?;刖弸?鮢>挤5糠爷紸[忌E榛_?縕肾??静 ?荇饩浸?ne摼w~悼>0嵕誦?C8?g?/",>F=心0?厗节v?捡?	Mj>漾[維~刖K&3>謜>澩?p???緮?
"坢?~R<縺??烟)快P&=谏i続""P贿'?藗私v窘忐+?",4繕1?涂e<猸?頻?v>z€鼐'Y>Q 峻y爵6?绿K夸簟桔莞>-A5空縪c1锯??烤偕?鹯m咀Y??谰E碤縀U?=鍢睛!F臼祬经ウ>梐?慛樉QA>燨 看责金?3i???蝜T緍??幸=?V?懃?]??枲綯?<a?君#懢槳.>厅牼龏=頨杈?'縉囿>鶴? 7l靳??Q?$!繕=縦? ?Ek聚H?扎/扣緀緕苦綪??#?`??i覄?稳鸾?=鍏?!??T?陭>t晢綺?>潇$=V皼>F
>幑跨哕??疽v?謌U緺MO綽师?婓綹泿捷6拘,"榫2緭??N2捑蝚堪鷊?u?框給ヘ=iH.縢b毒t?3灸坖框嫭=蹣z繉:T?ru 縲>蛚z>?杈&%s>街?51h厩缊>髮#?艣T炕僕库o緾??|=碽t?	鯬繎(?0?攫?羺苯??驀絘縗撳>胥娊?啪(t1?	[?鍪?????奊`縗鸾鲴G>?\?P?>*I#窖>A<2可,?舱粔捊2鎸緰x"
??縹?D?舭考B＞e﹜繑}?]镜>拋?皼!賑?娋,"噞>︱"">僆???備7繊覜緼X稻[1?#A編o兙E汸缴弟?们>%_?\黸緾(<檇た?吭欳>枎藿o掷?]"
5>晰椉?A~钦=4炤>?3繗4>?>?|兘繖?橄>r>軭	繄ň温_??E 叹}V&沮Xg緭&┚跛>??>沶?4綊荇>u硜>鱮?;嬀謑L??D究惂?!C荆X????>.Id>悪埥刢綬?凯E,"挎pS>楺U縥?緐謪空淽?晐 ?>>6K窘U嬀/??&?T淆>洽平? 楷??H颏>??喀?>P湄?Ε>?兗r?l>1?B?乯>?|A抠蛔经)&>袄>7x???㈥榫形翤縖惑???d?3>m簯?76?狂+?}?Я$款渊疚A4\6?%.*縤 ?=耤垮倬+晞??,棵w簿嬻&ㄛ綖??捞??\=o揖l?銠絩8呓T跦?a雫>V	?;kV?7剌兢D刻W?陒"
>({9緑b饧?F?2??6頉?靴緛?w?扌\宽嚲轲X鑛= ?傛寇k慵N~=|>m骶?榫?S繙巣縧?緬昜繖~删?溇砐B?_F緆盚縬$?鬷憔??s緟緆壠建^8?籿%?C?>l?哭杈2獥>b ?L?<督e捖絍?r瘫炯g芫E槸=?緌K窥冦攫3,緢MA?偶廂喚>8嗑V}>τ>鱑示4<綳?縎棠?o
??V雸>]?>^u捑?>鑌?溪?}>熅,>z硢筐6F>??j?竢缇>N>泽?#罻>
"9?姢U>oPG?]??c疽嵖綻/?A膖?姝??8>b?B>{綜疙緮站s馵?苙r???Nh)>m?縫蚹<ry:>e侇鲸弁匠綡?wgt?趃>=v娋c?頙峋i橾綫汚縣0C=""耽>蚴熬焂l?1E?綹+榫鱖???暼木~顡縭O",?Q??2!?.?<!頇=讲嵕韘?o!総旸=檸?豆毦|浥?砍
商>zOs?衙)=U鈮?紼?>i,"綤g=┋]?塵??緙藀?太岿??郊I搃>例喗妧7?.?v'郡""}???jU2?e6壘?P??p鷰?赡?x兘&.C驹??jq?	硝踞?斡1?&mf縯"
??可??3?軿D?.獕>?%?l2揪Z>?fａ綯纹记 ?姅?匥嚳?縹n??M=	??G>?夸蝻=d~€紗閵?痬?蟨?ia4=漢>靴E??=n钙緜榌>芹?楒r>jU毦卺芽d	?`n缚??鯺?-颬=O??W???N*?'?驹ο?k?FN?B9.?荨?轍 ?v 緾=C?銾溄撵緄]斀$R?烰紛挨緇d>麢Q=▎?WK<=Ww縅偒緢惣ⅸ?1^綼鷓X咯:>鈭奸$?? =瑱?B辖6?@ 縧妛緥?綛T=?眷鲸'=ㄖc?d嵽>|\?a闝?泡M>惘?3滈>;裶=▁?按s綐嘹侥,?璬	綾尽警??$c伨N[???鯮(?^嶔劲>綨嵦竟??
?5v>緺)/>~>嚼J8:QKh>:90纠罦?n0?F缈<馏?q壗V))?Qラ=犈5拷?盔v)縆珡>2?痂寰Y<緽?>6?\=(??€踕结艮>嗉%臼攧紗C澗昖?v銷?靳僵?s寇况=?嫽BT,?祮?尦?h衄=<6兓蠏菇PIy?ouE?潥 ?%(絼-?P酺?亖=d⒖掰N?縂1?Xk?b缦>	嗵??oz摻?A@悳>竦
?bD=l緰?,"柦?=梷>?芫e?縡顺荆劲鵋靖n蹙???惧d┙	緰8>q蘏俱尶b埽>鬜)?*炀d羢?D?>鄈(綢袇>~w?谏式璫?'?`F!?I＞栄櫦茼櫧??鴰婢t膁>k?線I介豗>H暀据?\'X?(m?鯘\??繕梙?S???袣蓟利靠?繛?緻惄=?途总?}Z?""x維楕>?=X?=磢0?埤緒撫>Y#?输嚎鬗芗鸕e縈O刖 瓌?]9夸鲲锦傫颈镡綊?贱?\?拊>n?库??^鴹>x"
祒绢yY?>%芫?ň?5狙%?醹&缴'd縹F緦壑綉2	?畨>?Mjn柯i@???[SE?B*?,">骘j竭{懢""隹糼鱷=掱R?€奂顐E?鲚k究谌<9=?陝]縀1l?Y ?.?朸尉慎ЭM輎緷h?肗s???:呔鎦拷1?颗绖=葁喁蠼 噼久=?g>僀F>北??Y?;I??綛槓緑壅=粿?<?rc???椘?鬰峋h*l?"
??救燃=? H繚?緁隁???nＢ緜挖>vΥ>陿战楔#????,?wR?x繎>闂4快??L1}?黆綴矯緿繜]\竭志J
[? 7杈敭?櫡>>-叻>孡峥赕辆廟O?????櫉苦鼲> e>获#岿?l>逃l?\?歓伨ゴ?炸伨|斛>Q悛=<藡>鈥*絴SF?课牅?J脴>%'患 ?貁D???锼綷o?N陋縶孖>)┚^]?,?雪>2扗兢??鱦? 鴰>?	>糡Y>吼?洯>DUv?E<?R<<]$磕t?鹧>稧?偀啪7zD窟_s酒?>豲?N?T}ň?【轺>爯^>\(B;顃繅?縜淳?N??緧>>(z8>龢⒖^惩緊h*?tH>v嚲V泋磕h??丫??扮镁:??絞??荿
紞蘹縇@?Vr7?,兙?5縎W???髞%?J魅綡?緓?嬀o?A]
?&€???俊;摻4??x?綟'蔷,"褌??<耐?鐨B砍L?蓽緊q樈奧?y娍=喻>乍贲?贎??;<""墘??框邵?M???綦n綜\>+>傳缇G?绝搔>@?紈i?6顜<J舅9偪q示綬D啃鮹?TE?]倬R栺>熭絯.戮缰\?d祴胯o壕灘?豙"
"糱傶>?縮??韙?R>指X縦Q? ?抗2紾淣?U 9空??渡?.榚?k-?鯻縯靖綾???袲縺P繈Sc?<?縺U?毒桥c=???7>W<慷A->?綝??+?蘇杈H拒輸?剚緺従=漂>Gk??""?禊?X劷#弔精 夸◆姐镴拒フ教VM継昛?l莛=?兰P寝>?>\[?OM緿*U?=yT縅h浗-磤?氮>倃縐??隼洁欁>;溄燸f継?緶Fv>N哿綀?>???楷YR縬?緻t?鄿緟C缂筹G酷鹁>s??D;f剥景n嬀岂T縕;?咈>dT?",d7縋b柨K??3?殚=>?蠁_>??|辟>gW?4\u>C縫>?Z?快鹃X?%-?Q??}?距鈁?u菃炬z艟蚊?螔>+6椉咫骄阶?惻.;h??.q偧	JD>;箌?DcJ?岴>労埥d?=2??WC>垗嵕h街?郡砷糮?慨j?ux?誟?u唇镰%?7硹?Y椏唪}>C芓??<緙務铰Q^?{?矿H幘ζ鸾弪樉?熬M?蜬
"+;?F拷? 岩?罓>P屰>暙>s捑跺懡G >?縬?>盺&痉訦?蹶>b???""?""=g/=檐?镆>H聻=D?紹?縳鬁?彳緣蚢>$健茎2?к?憢溈??齕╪#骏潟=糸?""??翧?鎲l块@?B姩>?>Y?y痫=??裓??九??倬P[?锘溇鋪","?%埾>蝽?蔞!縪暐>B＝B铗>Z坨綰0簿苽?淙i緣繶?S兛Gk颊媘??M?偫示橃>,2?拙??辆|J??~均桽??杈屑啪s?R:?彼9矩>丆婵m】>}険客	!?qA絒技=D︾>G@?箸>皣p?F$>撈?\>绤r?Q???.?N繄"
o孔??鞇巨溩緹訉>经w綣畏<'?C??:浸篈=L N?鲁緪橁?K>I疇?P崨綳A,魁oG垮|V?8湦>KH緭`>婎?潿>笁呔?缇竵?7$n据j?犬斁痨a緌'灳cZJ?Xt|>罙?涒?梘糢Mp>>ph>輺?hdq>o狋钧*2>dc>i鯆?悇継脰=ň<4>栧>!郕?v1=f緀>3揖径????e迫>2e錧綉?砱懠Zu>e2?浗=zg繍>毝灲~踠縼槪絕??q?斶
????丽>.a<糉餄=u,">*傳画<^?%救?春?蔻?砭h葍?睊胶紤?N轊<Z皇=鼕步袻?r>毩s痉ha?W唁<a[嬁坠惤嚔诀鐷=般 ?%閺?g煘>??顬???阑榫e咕'嚳燱?疄??辖歬J?BL?纀*?絾鍰>/=8???顜1假6蹙?5=??r踸>P?=鞚$?h詣?驶>鰩m??綞/I?$岑>?w楷'}綢?绞坉?圦芫鹉b?漥???=??撘>鉿>?伟峋赋?堹?S禜繃膿绢?\翇娟m缃扎?#駂綩??啬?}"">镁z敿)r""<?嚳^"
?Hh?R跢>Zi?7&?D??,">擥M?e籒???麀?*kM?/W?2T縡X*库U縠M稻劮*縁埼菊鏙?q?凯?>5代静?鯇{?鏫>""铨綿劶>i??5?)=???鰯縿毜倦Y=??齟@網?>Y"
?W??%谰%.>y}~兢p鼐跈:>碴p兢?藉啰爵X?$6萁淄?鎾?覞?畹9?{緰緄博?2&k縳屠紾賏???@P匡捑甬 綒>薼>斉)棵姉?1=L	旧瀻>?=m??k縛.%縸?D?境m?咋]魁???軮$靖e艟g禓拘.？l> ?瘈>_宵驹s緾?繝鄲b=#鞠剣???x??呉?V<?Q>a鵋渴祭>漧M课=B寰蝔&>??P秸璘?x犤惧?總n竞=\>嵬縸魞??g;T}?鶆g?0綉'??^?3謖空?>炨?釲??呔鯒	=澋締z緵谲緁E綟?肯箶=?>盪框J君??滠/>虋匡 浇赞W?鮘嵕?<鹃蒸>蝝:况E$緞﨔<$啗線<倬鬞毦沠尉b,"克[辖?=8q糡?>n?+F步獄?塈?,X@>誖?驋箭I?\;綊疹緕鴾>暠>i彌>??鷐=叞?麥渚3?菊X5届e?楼?#N?剰???'?P?磨>玀?熣t??縞蘙??苦???E?_啖=?懣?囖呔囹縪蘾>+???箶?6傀?絚?諳?翪?U疥?>塛2?m???l}志o氹>Y剭井欪>?+?t5?H蓯綧趪=Y⒕Pk"
"?Q#o?\?蕛?VM?c?譁钧""G緦湉?漇>l??埦8疛??>?<緭儙?繦縼)灳|%?]>?4??嬁爎?霩巨邥? 噍>?镁P曡绝AU?`?久""\>17I)z倔??乸=麦$?卒<^X",>镀2倔<-韭鏁及wf綫=?
t;緙+? ?@~?ZB?改藿=縣v?Y餡綬?? 繜?颗Q縙聘>畬?*?団Z?孠敬瓖鲸23款%?u??B捒mЬF?侩?控?萉妇?倬g栧>?浘Bs)?,"q?鈭>Z鉓?巏染G<兘‖?怛?MU?€~G>黫?噪樈砸壘?繍F?┾?翿$綨J8? ]€>XF[?梀綝V牖v?綢?>s??H?酅?瀐R???竨[=,捭?喽緂??縇?綬.b綢??醽o抉i昃?H?夸?綩W緳?>f郴=p-<惡:志????驗熬ν€>痛9縘y柯k>???樳絢?楷瞱?U有洁+?	誦=[渚鱲4腉縎馣?>敺?殎i緣頍=钉军??欙斤+??Z縕!=???:炯H?V$I?i>&┙??锡a快5>?缶j熢?G縭?>ve9?^吙荨F>tR?荱>妜y緉y榻嶿?J%?\'??居咏?_?績D?H柣Z??ロ2> ?Fc繖蒘=埑p?w?怢3>躪?髚>?榻??lI矩Gj絃$砑缄矩????[?!示N;?<輥舅D%??m染煅?膚綳??_蠚>椛惥;2?s毒?|?	祲?豇距??喈?π>燚Z?9?1擡緵塩>dB>y蒽=?俳aB<稼?疚栽締挐?6?看VR<cí継7m?S?,	>NЬ搸?-纾?_=鵰??馘絅tO繀奂=?X俱?綃~??蘕?,]>>额???Χ渚?ň蛵?51??緜>e炰?渜?爓??緿O=蝽>FJ??B>象咖?咎鰠韭?緂?>綫%>?=鮽7?廗}康?+@?f脕粁(?寜>?-?#嗑->蜥?煮幘?_?,&?肩>z芍>?E=鞬??岆缶鴳?"
倦(	緇蛝?蹡毦\棬>讀骏?疽s⒕%欭?xN<x跭繊?>?[粚荚?=蔿Ab娍?劬皜,"?椸=&娶>*唇`崣>逤X網3縋? ?wH>\(d=???|<t?扛K緿B鼍[暷敬檔綧T5?0a偩? ?磄然?嗑????v縛_(?<惥ノi=证?u?考?>??=Nt????咳O?t@G?F罐綴??蛔?垢谰 ?縦,3縷?傀丫p本?苦峘?{?論蹙莀=絊v戮4L??X?LL?劖綵?=:狓>A?縧??ヽ?,尉嘜澗l这=€蓚箮G苯+%???x6縁<堪?>缶PY⒕褍喗x厾紝娨紦悖痉OW?yQ>f A>??塰???麿跃妚f?绽8?图奉m縙惡>)?縙轀?Pj>軴?I嚲?窬嗎鼐?x=?J紸鱱>殖 疚鶫揩鹍哭b.坑?緢W嵕X唸?甂繊鯇>pS5?惿?洺榫%彫?z効}S???蟀>頙尉j \库收>砓?+?0沵>P? e"
?芥?竣犛>玦?@?綔菑縯<?颔q??妇0$a絬W?&s:眶嵛絋:捑,"谰:?繝??媹=n爵堭?Va緟喴=?3>錦?鸀3緂Q?~$=敋>X?埦s?;?9骺<?糠钸> ??祾)>v??	紡o灲旒€?%j緵?絾现>q'?〝?k?溇峛>M?贘J>锖┙<Ec細""1楷=虣志w[?B憔^嗩=??澰喛锒?B辂俱j 楷?>tR>&??в?,癮坷?,?>脬?馹医?S緘r?螻景?>VZJ?5詮眷`?N"
???剷綵???yqぜ敐嬁,箞决YB?Qs?b??W兛嫘?逆ぞ3?>欑炀?唇堮5=衪?J?控RUHl綥=瞄'縁J??(?0龇絻9N???妇賽?隃€?緘}UO?$綠?締??撓)?謖l>〈>?緞4???$?吭ňZW??=昌]=n潖?哷劸?3敬穲緃?Ab+絙埽終?縣皋緀Y
烤C染瘡兢>?罹^,?*?产醀途!?緔I???敐綒??s-?萪緲T? ?p/?琐媀O綛暇懢W?瞂⒕?澗
b>??,縿肀>渋匣葰)? ?縰?寇嘆?挹>禄縊祰?繩C90Iq举麖??繘汵??堪
?賿E喀zS>V?>WH?$蜶>?m=t鵅?1??O?v?wu?$悎?穪筋?警煫>?＝跷嵔娋P??緉???>k▉>G緿擞>潌┚,"u?鷝芯=姱?龓綶吚=PQ?璑??柧E ;縰\>緝?=?>?椌?窟??纁??W>\N縍??L.?aEv>剉s絶y綠?=?	救换b繏瑩?|? 慷d浇M綢馚??毥???镁~搷>~{>縀喚?t?r?緹=F楷?= 瀢綳芝煎r?VF?h鲇>瞯??????_赦俱鄾繏&,?\?>&b昙辤@???xQ泳-U?E<z>n?三>醲烤e烤BG嬀??暀e>cN?傶?颇5?v亏y?ㄩ継"
"附&?ik>?6看澚卷瞲>f搱??嚲铔v???D蛆>??噒o>魽?珣?機壳櫇>?>o4??久?`rI絅嫏敬處??呀i'?u滍睛??墙1?綷R呓镜q縸W>?蚪?_饺璔>??4X壙鸷""縬継/Z>??F?俱2?齘o緎?窥緶r=w?>?乷?Z#P>枾鼐`69渴I刖]ht桏晶tT?C-?黐尳?稻?F?m磿?p凭~N菌??*?嵔 ??e胪=?=*a-?LV?詙'縐蘀>烰?昆[綟U3?犂?\瞟?","緾aN?y枯?璢???8倬當?B縨飳>晴稻撯?ㄏF?膞?潚0酷?醝?#v删N??辥?咜蔷借c?W?潝??嚱厅'>%>C?窥灳R柈=Jァ?N京拶?秓綟\浗0溂蕨]?W=%桑>??嬘H>2N)?樋婢T鞩?栭2縗==絢{[縺瘴>?岿/3绹;裉?~銜惊示緬旡纠=?)揪綵>?拘禣縁?縖 1看?睛雧惊C焦亇縋5?>愐?琸t=軎菌苃掘?蹕>?臟>挲?騲????iJ	>蘓? 錬?磴?$!?蜯 ???炨->こI吭[?O?縉?谨拙鉘<>倄?????渚堠┚u暇??選慵?司慰g?萮?o?96??=E>矓m?.鸄肯v6=fa伣\?>,倬劷?锞2h??跨〃=?筷j=缮燃わ?鍦=綱&?鰺p=夶幙5C>佤Y?∫倬?R=?€???>.j戮[鹥??縵?糔甇絆@縃:?雏墙杧剑?>??齼1緢瞽>D6>?>峻?jzW?P?浦	>"
"课妽>i谅>蛲?襝妇Su*>=罸凭O阈?霾介??_k?U>4j?狡N臕=禴?6>诃⒕4熌結$縗'w綜縯?栧跃?嵓儔>珮縐漲>猸継€ 縿g>;漗=崔?畬?煙h?椋>x?<搹5?輝??>甥X=腇恳n?畡C?$繗?>S??>2>q/?>娽緪?>犣?'??T?2懠!袬?!勵?2M魁刡縺P緧_伨?`>6???诰潈""?{??-磕?=F?款","Q?肂咕┏@?毦€a'縱D?殫?=??"""
敌=畡>?澜€?B}?瓂従 備>_?鷮c?€?縜锇>藶I娟?>◣ ?4u?]?X?蝌惥I(?z?W???删?B>???窘閭>厩?	冢<g蹙馏?俲杈噺c縄洍??框C示Dz?鎼k>dN緶UX>?	?颰x?>ll ???1]?7??鸹筺1>?谰l迼???Z捖>愲几珤>U嘍>耞?^偪嬀F蒡>蔍;=`痺<'_f縹宁>b絀D><e蚓9惙?+綧?>?奎亥?]?协?7<?O???溅<嵕惟s>扅徑/M,"?S慿????縐惧摫綝>,??s??? >鲧>?鼐璕i??`枯N饩?R渴?癕=戡a?lW毦E~毦本帱AやX綬Y缇咡句V浘絖鞠迩疚?>鱽綣??=斫*#?n#空崻?[?/ 縰01>鸻斫?筜=$式??膫e?G?>}??""セP.【玽揪E斅> l8?I;緫}I敬,?束_?染氁恐締腷>匥缇?b>?Z???}q?憭緰??偨 l寰??y-緃?>逯4縔? 縙???O??况7?K?o巿>斁嗉犇?~>???伨iRO?蒺>耰;??蹤=?繚Ae揪壑键F拷蠅緹?慨Y?縸?>G[镁??蠼D"
)?t柙>)#>(勬娟▊??緫况夹i兙橌?忉>?劦示S?犈綪3?? ┘焚$?A拘??,"淳K堸舰曌=偘>`榌?`?b碆魁?縇>j!9>?N?c??<喀c6?OA途??梏4>藏跃>p縦??W懢*""G>?9>膽N9?G~鱩 糠?>异?=瓑繆j?瑵j>=€]?袑Y井1?)0,?.痘糢r"
x€縝\妇侫嵖V╖?4}>鏃?苲]???廨縭閯>褚O攫??T杖>?縙?居Si?帉緓澤;嗑>,10局??#w岿蕭>P;虦#<?>@
2喀6戮{3?掉b?笚?h浃=檥?聫繏壕?菥?ソhH?隣ソJ??@静旃緢4?i彇夸n)哭/罹怗杞r:>熽 繛???斁>虨=y_,?駒?x?繑=?i??C均?>]??屳垦'坑>亢a?掘G樉敃嬀_c剧湁>鸺r繓泓>?＞癑?s o?'撺>*砺締鬎>势?隌咕x??2骀>枊
???p4篮B??膖<?榦敬?攫彛臼奒俊敘練穎緣??钄綩<q>6>4-.><T!><鐖>⑷[>(=WR>KR?b詌<艀=m徯>vf縥?皣?瞱G?鼠,"娟恔=?\>	??:幘?	?d?苰c>d?i髪>p??P?活  ?w Q>-悉=?^咀沺九澼驹遡魁5€>[虃線bL>顨>8嬁(>!?X?緊?縟軲>窸?5礛?i導?~ZU?2&>芲2?8_?=V>C柦J[綍霳縈詣=凯Q?5yI?>緒!?t點>5﨏?忆'?潆=?焦??趯喚葃?`b?溍€綩AX?礬繎	诰庒辆9K?漻J??暇x??H ????>杈蟟?S緥>Y)緰??>聝?H6?栉?浜侩S4>(畻?-S?h鮼>頵?鳇??齼?FPd? 訪撼4緺腱:擦E?鱘?B??`k??縰H?﹒┚q??>??都??鑽>th 緈輥=鰰J灸F<镪?,Z?	d?9`従=?糠??抉>@顪=敹薪鑂薪夞尶??Fl?k毦?[>疥柧n?>?W緞?咳鷠截s?~e~>瘕?Cw?NK站?,緵?速?n?u{惥>0?y?﨏?A叆維萨=""9尘??~5?评.?D蕉]?Z淳1jR?癵/>3??K?縍\?暰铳l>9*>逤.綼;g>Nr拙l??慷?烤偤绝盤K拘?>猙V?9G方汷?G?瑞4? >??攒嚲€-b惧`?]隀?輌=*杈稫,?畊>葥?勽?罁?P舢>?嚱	溈枯暰P>鴯E緡闕??岿0&??镁閔綇 <砍?縶 @>脏?竎L粳銼>R"
峤eH綝R/??籾,?弢'?庈司L/溇蠬婧???j??拴?斴杉毁]框??L蕚?衋縙虞綞+>y淒=嚷?И菊Z?Z]? mA锝勱景綫^?d?> 勿=?_距?X.=`肪L<k??>? 揜毒烏嗑咎`?鰒&渐簊?栿>D?<J€?wU?`_?嫨?峻藞>綶hc緁
"毥{咓?簶>碈?L锰诀m壕|;C?碊>.⒕>鏱E喀肂>n $縝}M亢赻=P勥=睂i?R?>椻?沨?鎝芙銮'静|M=顷'縕缗??縙l婢??€?>C?颈t?]丩=gV芯式泉?髞伎桔萁S6?趿?D1L=奖?粎?謹>侴Y?鸊抉A 綛%⒖na?镗Q坎?緞???矱$縜?縼B?<>Io酒3堪?>巈劸a颪>+韃>x?渐j兗+t?F??Q8>淸【ū>R?a>S>???綗}? ?>y1>??匔?▅步)M?<英韭箹組狵>輩a绢⒌> ?'?>'#恐 +>;x""縉毐>菝\肯軐縂",u?篭緜?>}夗紓N揪? ?w痪y丶螔??`久诿?g?涏婕X?>a€>?琇?=!>祦剿亳=(??窠t珬;Co伨佾?t?愨憔?>玚灲([?錫 >k鴇>禧Wo?b??魨{4?璈兘迕惪:/=镕渚甕?鄁?崔Z??g麞?跿>垻?貒卡md竟7魁X?驇?驉?C?F?豳吘Ｓ>i? ?m??5縀??纠f
綷?)2縞几緪? 縜傩=磉]??榻u??r<綷??酑?C旷本?A垦S>按?ㄗ刖?p?L€?瀖>#NO縪??rM鸭`萯=?,?Q?g|>`T?px劬淗泳?叹lX7縙骶Z?菊?v讈 ?幚?eL?翦-??>厩?8?<?e緊???椌??便>+泳#嚲鱛?猘?勃=B>W距??\峋瀠 >??遞苯烈F>闔F緉+??縮L<?H贉>鸒?桖=終?魓T??TV^?8???縕jN繂s+菌總€跃莀>龆=?K=苲昃к^窥注>G簬?緷=#瀽=
"皺>\f?x寳?&}?Mb9炯徒wX捊廘?%5>鎝?_?緱?3`?紬?C┉繍堉睛d?C／>拔?碖柨U骣>拘伨曳?M￣?咎厶終愑>?)?梑?窼<誺沤攃.縩s?^]??3>L&娼Z??舤綩3""?7o?绶>綟?縔??隭惧??醔0?p举>??郷Z??楷跠?告s亢?藧繋J?﨓?季?1|-??粳|V緝?A鞨浣??G軬繋4繙#","夸z本hO?#6际 兘1尘487縔T??緷.緤跮惧 4? ??f?6A,?抑A?C洮拒M?櫺?&? 爉?0句.蘧B?>=鐨3>[g熬兙T敨键>?櫨腞蚓砙q?繄硡鞠em况官=^唈織??-t;"
?? ?誚Z?绸緂R??峻??v?縔!,緦爅?? 浖n寢矩鵐>跻?魵?拵綜j??緄??黊ぞ催6縅鈫>g??2V緓醆?褐>$捉Xy總?口磕濿康kJ??
>J撗<? ???xsT沮 兛Q煷>咂緵?#H>6v?^烻=V??>?壘鲛?牤缃,甜?鲞>篺???谢蹙侌>銲E?佹>q@ゾ?揖?7疽Z?W?峌=>(鑿??夸?偩?=ㄈE>砭
＞~锉綑::>1iU径倭=??fC,块 #? m莼偖-縭?踞拜紟Ju綫?>2?緰??>l?W岢>彫?訨?q訍>?
?軴?,"縡G嫿?G縕鎗>\o#咖??1?g??Y???碍緥踱=€蜃9??,?緵s5匡?凯絎?緎[尵;?睛拻?M?篻0?豝建"
"?O麪?""?铟⒕y",摽{0d>7?潼途q蓬綍$?偏!?靡絃簿勍.綱I-堪?攫d?誄慷饨?浣z馃<鈴/>??*x= o>S筊=畛m>堺?7 櫧実?(.R=?夸9>咸?c嶿>+蚓綞?'焨紵尽疽A凭$O?攈?H屟>眈?谗*?uk>腁 ?怗?嚂L炬
??㎜y>腔?????€[{兼>??勘?乇緓駧>?}訝?僡骶滢?萣[??>碙 ??s?k?敬枧=>?峻5?|?V??顑?Y?諢暰崞€緭h??=閜??緽?嫕澗鄻縡虨菊;控C??>I?瑷骡?谲?ń1?晧届?b?>j$Ь??*Zt緵溱=!~&枯境e?昝,"?>岬緒涐>??CK=驃斂糹柧f繭?蚎>稦D>視V縟M????=J?繛N4緔糫=Q??岈芫W嘲紿舰=p熎<@[繗欥>&3/?硎i>樉?鮑嬀X??-e?d	礁@_縃?綳犄景.?総;???1t^>懃?7YA縹<??U縷嶷?e砍3?呀?? ?g靖L伨飱'Ak'h?2>0??緞?? ""娋Z翃?絺衫綔H锞/l? ?F*嚲歮斫)毦~?侩X締貋? ??aB?忭筋淹>?锞?LA鹁?本毦搠?熑>]?军淳偢紧韖>陠綿I 緗u%?容緡A$疽0C棵Ng>,裬?Q?眣q?AI?<>鰍ゾt揖C廯? Z緅h?e?>茎?譀;>m?控?<%?瞴?S鬚捐?<溲???紞+?Q,縟-H>负K>?"
"""d緱d峋諿?Ip>惓%縑D繀):??咳.?x=客異?err?膶居L嬀俒繅????ve縵:示:怤縃者緰??",汅举?縆F??倬拋?f'?5Z@>峘?e/??>焾?W?篎€?$QI?泤>囅呒C巴緍?縯>姇?$熃B5€/=e#
?0降-?A効隳?S镁U褕継M饩H摃=P]?S]?nM>[P健O>鮺痪嘋?腟>m%D>薣>f?鲸w3絯刢>莒縉ッ<&a+=$??R?>M浗]O?s)綍?続4糬槣>	頷?b=2迮綟穇>餾窘楫=H?>W窦Q??鲺?i羶>7=斲n>殘€緝?{赕??筐￥?桾疚I(>WO??骶霑縁H幘?>?DL縈??s`?′l>戛?咥枯意>}2>WCf>Hs?z?綤J1?时糺,"綽Q咕??~ 考ぅ?伨zi~? G4:Lh?篆惥燸?6综=n3緀=?湎p綛餫凯)尵尘?>???g1?栟?怙$?潁?W杈顧萁?捒Y??妗?]yt矩IB?:??杈並>а=莀V???緾^~[g沮]?靂?濯?苚C缴tw?""墐?酵>趟?壷[絫??謮?.馪縑 緇	?忭n?傡减篯?gq*?????MD=>;w峻3w?鼘"
??O?h摼?w>甏毦€??{QO?I?>D6榚>U-??蘧,"鼼????{綰緷緄/?耺?纎?D羏?>誌$可各?鍍=>虿緛颩锯<\垬疚#?|醸倦??nau<3>筼?}E?矉??m緣餓?嚳G繝?<U?->微&糠菭颈葾>O,?.E菥q??mS縔x?懍决呫=??綑|l筷O缶k?凯t緱`T?t灲?釄>$+?4刕晶r茎+厩蓡咯"
"?(??pk?Z7婢梔d窥 幖ǜ叹蝏>T?铓6?钸	?醿>阖0?鏔?€橷>?刻娣>栞+縫冂組+縱灻>歧=6曂<??蘧L仾蕉.ソ????A/魁=L?$?灸猕>|??!菇\[>华\??C侩	?篨n綥=V""狂澗暇園7?⑸沮6?閻y禞=坋?",繗V>o0 ?/鱂巨鼩???L?頎偩F酒=緵>
坷鲗?@?v眔峻J繈鏌疽昙?绝Ⅷ?-=絋N7<b#>8>ゼ窠?(>2,?硱>&廃>?咀w^>?>鯧芯??H ?綮?v惥?灲閬ぞ|?峻 奔瞭???朢???<=緜?>=???f譄?螐紸???緪(亢ㄑ>Xゾ检?w於>箓???4M	?拧咎H??)>T6C?a2??:?{?!?k??gV絪袢皆?%e亏>榹d?瞵鹁M? .籨閐>Z
?/?p紻4?O壒居?> 7淳4邾=?d?*_5繄??59?△<lЬ7w浇s?煦;啃+_?g?%縷Y>r緯4'?$?賧?雈娋涠V?7?虾5?闷<?x硌狂嶫=F&幙	玔??<$?<N?>x?<aQ>	??是4綏*懢篝>郟??wl?\鎁款]H???埬t綨况埸节亟慀幗u?縛q??:纠z8>n萍?山刼€=E竑>Ln?,"C晶L暰?繍SI??l>{ad緗h#>俬瓤闊>k呔鹁錞{>r鼍J^Z>诉浘┌缇D?卷擶??饺?c?钛秸膕>铂6>?>??洄尵羟?/D?|j?迁刖祃?:烤3滚糎?P|v??n継鋔=3噿纠 v?枀?E?D?縺 >檶?遾?茯=丫?箑a=苮示笺??&縿$暇攤縺棚?%H>Y荸>釅侩鏸>吧?sH丫?嫴?熃罸綩$?迆诮8""??v緄$叹!洉>竄?鬚莯[?菴劶攁Q??胗抉糳??[?cb縬(?粔爵h浇庙灳跛|緓篼蓟?3戭綺#?P#:F肚=涿m克T"
>帾???`1?`踅v賵経S緋??*樳>?N?徚溅褞驾 ?&<?珕?-f?H?緝5斂瓗>頇诰纉+繘葑綝K?lU?指?\緐峾晋裥綯?AE?娟製?%尘僊刖?鬛綡Cp=$歛?贁?碏偪F^>??欣?泀稻<(緇,"途篑3>銀考琸{?梓V?焙綿gh?挨e?卛?渚奬? 竤及?刻T?毦嗛榫?}?倰>柑?節綰$O?凲娟惜>P揧??>y€E縟姑>牓€>:""芯q??D?綥?縋??e椌2???u0?D$?^?"
"??殎-繃(绝?句PZ敬f""絫_稻?溄執>+埆?  ?dF降D?秇?3?瑚E?K偩G>DP魁專>掺~=癑}糼?編硢倔","n=b?桸=y?街Lw?0?:怇>|伮?d康??飇i>~!?l?縴,>?︼镁縗偪-壘譇??{?.>M揋郡wl?"
刻?緾	>焣?-禴綨n??\=?? 凹>/慂绢夯スt拒盶繂鵲?夦緣 ?眂:??/?媯?6 ?璦K?哞>8/	考=m?﹟砍櫘>慤+?^ %?>G4??f?[?鹤絟X>W肮=??:|,况墜?
縠6ぞ?>??L|>癌=?)J渚颺?-)&掘?窟B?F>p6織艌綹5?抩?L€[爵FX?\?lu?Ct>蹆(>?>澥T?毑S?挍>缵E絯.?? >鹗??Ta镁掵 ?厓??涧+=浚?勒岛歀_=杍%?8?块摹<,"嫯酵u?$g寇,,?t?{€?l胠=陲壘g7?T亢蜓距涿椒9?肕捐v?=]?綝鵄垦i?爨緘."
开阴>h埦B?5 =??肯,",>X?繙K縅癥繋艞?蔷ean?苳??熅傴=?骄-}?滪辖廁?@\P?繠医?8???€?q{?旽框箥?5>uZ?*嘟嫗網K?騙6慷>Q兛玈2緹瑘??D統薜綵橐金獚>?:縙諬?%&?9??溇HC???€幁=j?綉畜>琕縫?>R钹>? 酵<捑g??襹=0s? u.??Z錱襟+G? >~矩舁??0練盤?媬E咯?渴UE肯艎緉暱?毦覦?f肞?}$>I@?Z?\蔷論>埲>0錂>譻坎剺孔n锞Hk峻鏷竞澗%鎡縬⒏>s:?戫?R??毰景??到隡?洢組)ToA?堾k綛蔢?叽p>?嬼?鐵??A>崄=OO縟儭?=郡p?馘?O?,Y_>-舏灸7""?衆景q絚i跃>M?贾?篿=絓裒>D猃=融緃機?缡>衋=??顑柨屧緲.两炆X?柺緩?緝縋壡=T?渦?]H啪瘙2拒团<视亏吘?2??貫効	志呝x?,"
"?葱考:?潔娍@%懢瀖 晶?>玻缇豓>U覥綽D?:J@纠G€筋K攫貾=匃?詯?R=鸾?j窘?縶?倔4-緝J	镜???瓻h>I?鬁>?罹a=}瞼?–縤鮈=0go<\??v<??':3?Aj毦dBゾ?""?|铝> ?盆ň趓+aa?磣亢襇?!線2?v熭=?k快??$?荆伽綣?鞒?6>菦??【??>搏>L\?T4cj緇{>瘴X苦H<y.?詭縧漒?fo?5?%?>0??咶緗F?2禼>??JUa?$ 緙  ?z灒=蒼M?邇??€?S)?f<?D?侩??N綤槦就鱃=辢樈|?6粬>鄍L>釺W綤?净梻>7	i>紕?〒?b堢縩拠睛嚘刊G?▍>段>辮>?/C?hG?柸?Z霰件K >?寰_*?軻??響s?t伨蝥[>4P9;虗5繙L>??iI?^.R娟?!? ? g?籌?U?來?啯敿H?@?烤?7究縉qs??澗=>?E况Z^?暞>F簵総胥? 贒??>醶編钝炬?慷摬絲慜?b揲>N?	??E?襳卡Y眉'薢进|>D%壕??{?y[??渚?S>曘績翯>汌??>h?紻龔>Z侩??e?僙?€/€繃? >囄m総[?m崦>?苯驶!?┩?8_>寢(練啟沮X蹙? ? ???=翩??牼醿*警jT?L蕿??硷螠>??s従琬???莦泳D?>篂#縲片>Nh?廘q钧脶>/>?;綡A伩i泲緗>erG>嘍煞G揩焘>V禄緌|r?I縵韚=y?>?u>(疔緣V>.*??U緛*壳?閜""?i?搷綈O=|鱎茎贮>崕.?6貤>5@暇T?惊A","?鞶?je?貧?聟?氱8緺甧???[/4?[K框q""啃c??x絥??.鶠掘r劸Cq扛 A亢1囵緗7?9~継?縺﹡9破?>x'n緕?开i&"
"?椌}6开峨>蓛>秾M>c?=h}j縚氵=掘呶矩T??縸KP縼o??鼐?""??骏v!縟鱟繜:L?\?渴Q伎帴尲N*b苦焋跨??0??跃傓-?)>喚?L?r?L嬉=""^?i[呔 jS驹坻?姴>o關?>??C$?a?驌戮^口M?潄?季屴艚??w]?s倬X !d?E_>%兇緅3?頄=ywa?rC?]呺=py%縁_站	干紷劇綳m?緃q?4k=?IC緲\?? 縦TR綼?緓??",蚒捐z?ㄚ嵕o葬揪潽=+??砭-8m>#縅!昃??狸?8o€?
X靠\灳噹D>u?=?┚裗?］嗑衳*繄h?)?>獡快?>??6z爵??'┩???E狴>и??E?h?泑纯钠<<?緸帢介P%綿焬>险繙靧靠菉>????颁+縷阂>?]= a??>>?!?? 宽A?+?>??D?>:袇>坧奎沮簖胶緎E??篶+爵i伨淧?s鼣鞠,`?y_=?啃)1?	闽>??A
?揍?5o維t越Q???檿%扣汆緀;+繙仨緢6鹃绎疚B偪M烺=>?> H綯*⒔?嚲甧浚??傁???5娍? Q筐??寓?頳>!?y酫?????逦_?3&,?凡?j<岿€+>羚W堪毸>vl?媨?旞9>?E驹?侼暰Α澗;s步?>;華>_忒?up??殮>鈠d?JS?m>?n?樈-??炬抉?=貥?胤竟趩镜濥?'>:揪訫?舺+緒瞣?乥絕???Z精詠縫陮緁E?证伣溳b倦b?N?縁[y緵?>偩呎h??竟d綛筌兢均閅=盍6=坩?B?惧?<鑨?洼>獞峒H??!淳訜?~t?[4娊4K?0
?廛?^蔷←???[??扻=畭]>3?d>跋i?翁y=P垄=?綱???竷捑圈?.欷?4菥锤e縔?P[絣?>?櫧鮮】@>圛唇?'客饙=鐍€>??%;??,?IT=G}???f軨拒衆紷?a?繈枃>蔒X? 艟嵎?f组紽雾>庳?墖?墸繀?=
緅耾绝h?癊咳羺?	8縫???斁}?綣n?利#?歘?⑦>畐涌?嚰y禠?J?\锶=$嗀>#4?Y`E????q熬糈峋粕f>M'2?4塜???釞繗,"l抗榤>G??鑧?莳=蒇y綿	?K?縇*@>""~r舅x焉終#?L?颛,>r?欉櫨g???康??K阷>€乏籝I=0浛?當[縶8骄瀷}>C熸局??q?颈?D喀5y?o?>M輂?N1?濶?a網M >?>瑅>UH拙Z[?薃?W?Q:緑>?Z甄炯寲>??茳W??"
?紘=?跃<?萀O>S-?牄站sW?}=@?>軽B>wi=〖緋,昃Lf??@綶?控y＞e军E徑`?:皆0?l釄<}輼>?醳嬀Z'Q>??>皋?Q銹厩??貢窘K>耀)?鷦繝5?E烬>#
}縓?cY淳,t&快=柧'?4@繝J(?F?炯3鹁孍?f_S紧6<?~8??)>ヤ?
>葼>L悽縱/w?豐縃Ｔ讲=平鰌e娟3,"縕H靠rw>煉?W??摌痉?絉裥?E距E韪>oO絖矸=彀?澜4?}<??r?棆?宄?Q菥.5?=揀?C?舅蟺?俲呔B綜q>欆I絅?抗C=>,8?'??)4%>?	=煁拷8?~熾????縪谰/7>琩v??>i'""?娑坎蠚坷J俸眡櫨\<踅^蹙鷗G(?朮?$晠>o垂???9\?o.??茧{?*+&>-縌8+縁蹎??繐晉>闪 <I匇>6??Yg?繟揪>	X?6欦糞l>?豅洪`亢??UIj?睢=挄U>At)?燛?Wツ>箠? ??溇4J浘{-芫B??簅?8?>臙1???6ぞ麇?遑藿侰?馐L>EcU繖晩竭?綠`=裭W沮糲>?结"
W?椽7? ??*e?/??[苤> ?>榚平3mB縫尘樖?v'?纊L=聐G??揖洂?寭懢J?>1鍘綞?鳗>j藧侩U?d褁紪M簿nr>颍=?D??科?縖|r>??岯玖鷡網芤緕y亏鉓???C!?C饎?蒌>>夸	綽甼?)站蒾I?奉綳J?岀?d9?+o緶澘綹??*m効	Cg?芿縁?縑嫣>凭G罳?.?絣筥圾,"窥E?侶K夸f>J>?吋€q?p??,?就靺舅?縭酕?8斀t?<埦郔a???w,兛0r爰镁??惷?X渄?盯p?0?枬?H璐>B2?5慈?Z剧}E緗抎?И綨珧紬?椨抉9+?S>傠[慰?-唤?染jj即喚$5{?鋕[?M\>丢>??9??%偔綤???W柯v!?j浛尘E>?恐?蠥d窘~?樾壗T煎緮泳>廿? ?网徒??穫繙9垻阶?=o撿絖熆q>迎W=X??躡径神継Q:咳?布?'渤>,鮗?\嬁??蔬ň?T\続#O?挌V=????<廂>)33?)鼋PX??┚褽?猐緣>ⅲpX鹃傾?x`季鴰O締膽痉l?,H?`]6缉?l'?桷式苎%??<>ň???叱}款?繒【瑦?玡緾埦v縄鬗姜褪絣瞇>|??堍綈査:!nj緺W＞?9?_菥優Y?.?敻?隍娼)?娟磐>ˋd繆?繍_E诀准噴緊玉緌报睛X示€PE<鸫[>H鸟=霬j>┤>4:線痘>?懡Ck?sY?例?忒? s??跳K侥8?*姤>磎灸<雀沮|繖?*=頻S?CP>锂	?E>e筄>x鑱=L? =?%?S??	>]=T緑﹢縷0?旼"
恐?>懄?Z1k抠~?栓?劸 稈絬nS?q妫>>|K?;J肪贏>J刎>齭?k撖<O?k毨=?U宽W?FF?綕)?^o>繓兙f/???)??夸煗>5?峴>垲木|罦=唩H?d欍綌,"靠?緮缃:?救輇>A呛>,棋綤L?F	?傅|編>絖r绝bS?餟?Y往= 晬=繁#刊R?_釤>ず1縍?徰縋->?{傀H?丝~>UZ?贤 ?s\ ???k?kQs景?>r$ 綀i??萚?貏??刖簶炀?>?僵yX竣ㄅ=?窬礜?v!縶E?栖I綶輕緷岄=桲蚣^殩緵%熂T??垼l|"
'?=巢杰$凭,%縂???j?嬥椒啬>`舅唏?鳌鞠}司7hZ=
"蘲>鰘縁芚>钑嫽?〖彂>o2y?嚏l>s??e?舓芯饊8綷┩<悸3葵2?簕?""?⑦緉`>躚客?豧镁 h熅艪f>薰? a?葫?20綴勅綣?<o笺3?n綛(n舅??袁H>??V瓰綺ka?貟E=.歱诀?厅<獁d>^诀2凭.}榫[懄?6蹙34!锯桐锦蹍?祓|=D(?摼&?jP-?6鋹?~-?€@0緤6{坷=&夸項=6??6踒?歝?g","???訖?陣B縧僷絤c颗s&?:>b课=-?""鷼>叹薆??+綉N?9??屸繓y?礁警? 綥?>RX><>s?罤斂?h>殣褰庿晃N?谺"
跃*.,"坑3`勘??矞>岰? !R緹	繑?r?棵譞?w??绝司>N??xZ?G山赤纸4慊睛恊?櫽従O幟=?m?H幮就怎>Q懆>劬h!Q?:/??縢縚鼍""""??竞 ?X站i??`?吭筜>c?F=緗泭=朌?2??糬?F??VA;績P綣?=替紾\?'?j収>?%挎鱻?W?韏快椶揪忤<虦澗?""?焭緶G/?`????堦}>??>^媒笱^?}靋縡k"
